
 /----------------------------------------------------------------------------\
 |  yosys -- Yosys Open SYnthesis Suite                                       |
 |  Copyright (C) 2012 - 2025  Claire Xenia Wolf <claire@yosyshq.com>         |
 |  Distributed under an ISC-like license, type "license" to see terms        |
 \----------------------------------------------------------------------------/
 Yosys 0.52 (git sha1 fee39a3284c90249e1d9684cf6944ffbbcbb8f90)

-- Executing script file `build/synth_phys_local.ys' --

1. Executing Verilog-2005 frontend: rtl/core/regfile.v
Parsing SystemVerilog input from `rtl/core/regfile.v' to AST representation.
Generating RTLIL representation for module `\regfile'.
Successfully finished Verilog frontend.

2. Executing Verilog-2005 frontend: rtl/core/decoder.v
Parsing SystemVerilog input from `rtl/core/decoder.v' to AST representation.
Generating RTLIL representation for module `\decoder'.
Successfully finished Verilog frontend.

3. Executing Verilog-2005 frontend: rtl/core/alu.v
Parsing SystemVerilog input from `rtl/core/alu.v' to AST representation.
Generating RTLIL representation for module `\alu'.
Successfully finished Verilog frontend.

4. Executing Verilog-2005 frontend: rtl/core/alu_control.v
Parsing SystemVerilog input from `rtl/core/alu_control.v' to AST representation.
Generating RTLIL representation for module `\alu_control'.
Successfully finished Verilog frontend.

5. Executing Verilog-2005 frontend: rtl/core/control_unit.v
Parsing SystemVerilog input from `rtl/core/control_unit.v' to AST representation.
Generating RTLIL representation for module `\control_unit'.
Successfully finished Verilog frontend.

6. Executing Verilog-2005 frontend: rtl/core/pipeline_regs.v
Parsing SystemVerilog input from `rtl/core/pipeline_regs.v' to AST representation.
Generating RTLIL representation for module `\if_id_reg'.
Generating RTLIL representation for module `\id_ex_reg'.
Generating RTLIL representation for module `\ex_mem_reg'.
Generating RTLIL representation for module `\mem_wb_reg'.
Successfully finished Verilog frontend.

7. Executing Verilog-2005 frontend: rtl/core/forwarding_unit.v
Parsing SystemVerilog input from `rtl/core/forwarding_unit.v' to AST representation.
Generating RTLIL representation for module `\forwarding_unit'.
Successfully finished Verilog frontend.

8. Executing Verilog-2005 frontend: rtl/core/muldiv.v
Parsing SystemVerilog input from `rtl/core/muldiv.v' to AST representation.
Generating RTLIL representation for module `\muldiv'.
Successfully finished Verilog frontend.

9. Executing Verilog-2005 frontend: rtl/core/csr_unit.v
Parsing SystemVerilog input from `rtl/core/csr_unit.v' to AST representation.
Generating RTLIL representation for module `\csr_unit'.
Successfully finished Verilog frontend.

10. Executing Verilog-2005 frontend: rtl/core/rv32_pipeline.v
Parsing SystemVerilog input from `rtl/core/rv32_pipeline.v' to AST representation.
Generating RTLIL representation for module `\rv32_pipeline'.
Successfully finished Verilog frontend.

11. Executing Verilog-2005 frontend: rtl/accel/nmc_psum.v
Parsing SystemVerilog input from `rtl/accel/nmc_psum.v' to AST representation.
Generating RTLIL representation for module `\nmc_psum'.
Successfully finished Verilog frontend.

12. Executing Verilog-2005 frontend: rtl/accel/nmc_threshold.v
Parsing SystemVerilog input from `rtl/accel/nmc_threshold.v' to AST representation.
Generating RTLIL representation for module `\nmc_threshold'.
Successfully finished Verilog frontend.

13. Executing Verilog-2005 frontend: rtl/accel/nmc_pool_reduce.v
Parsing SystemVerilog input from `rtl/accel/nmc_pool_reduce.v' to AST representation.
Generating RTLIL representation for module `\nmc_pool_reduce'.
Successfully finished Verilog frontend.

14. Executing Verilog-2005 frontend: rtl/accel/nmc_unit.v
Parsing SystemVerilog input from `rtl/accel/nmc_unit.v' to AST representation.
Generating RTLIL representation for module `\nmc_unit'.
Successfully finished Verilog frontend.

15. Executing Verilog-2005 frontend: rtl/accel/cim_sequencer.v
Parsing SystemVerilog input from `rtl/accel/cim_sequencer.v' to AST representation.
Generating RTLIL representation for module `\cim_sequencer'.
Warning: Replacing memory \fifo with list of registers. See rtl/accel/cim_sequencer.v:64
Successfully finished Verilog frontend.

16. Executing Verilog-2005 frontend: rtl/accel/xif_bridge.v
Parsing SystemVerilog input from `rtl/accel/xif_bridge.v' to AST representation.
Generating RTLIL representation for module `\xif_bridge'.
Successfully finished Verilog frontend.

17. Executing Verilog-2005 frontend: rtl/accel/nmc_array_popcount.v
Parsing SystemVerilog input from `rtl/accel/nmc_array_popcount.v' to AST representation.
Generating RTLIL representation for module `\nmc_array_popcount'.
Successfully finished Verilog frontend.

18. Executing Verilog-2005 frontend: rtl/soc/soc_top.v
Parsing SystemVerilog input from `rtl/soc/soc_top.v' to AST representation.
Generating RTLIL representation for module `\soc_top'.
Successfully finished Verilog frontend.

19. Executing Verilog-2005 frontend: libs/sram_blackbox.v
Parsing Verilog input from `libs/sram_blackbox.v' to AST representation.
Generating RTLIL representation for module `\sky130_sram_2kbyte_1rw1r_32x512_8'.
Successfully finished Verilog frontend.

20. Executing Verilog-2005 frontend: rtl/soc/imem_macro_ss.v
Parsing Verilog input from `rtl/soc/imem_macro_ss.v' to AST representation.
Generating RTLIL representation for module `\imem'.
Successfully finished Verilog frontend.

21. Executing Verilog-2005 frontend: rtl/soc/dmem_macro_ss.v
Parsing Verilog input from `rtl/soc/dmem_macro_ss.v' to AST representation.
Generating RTLIL representation for module `\dmem'.
Successfully finished Verilog frontend.

22. Executing HIERARCHY pass (managing design hierarchy).

22.1. Analyzing design hierarchy..
Top module:  \soc_top
Used module:     \rv32_pipeline
Used module:         \mem_wb_reg
Used module:         \dmem
Used module:         \ex_mem_reg
Used module:         \csr_unit
Used module:         \muldiv
Used module:         \alu
Used module:         \alu_control
Used module:         \forwarding_unit
Used module:         \id_ex_reg
Used module:         \regfile
Used module:         \control_unit
Used module:         \decoder
Used module:         \if_id_reg
Used module:         \imem
Parameter \FILE = 88'0111000001110010011011110110011101110010011000010110110100101110011010000110010101111000

22.2. Executing AST frontend in derive mode using pre-parsed AST for module `\imem'.
Parameter \FILE = 88'0111000001110010011011110110011101110010011000010110110100101110011010000110010101111000
Generating RTLIL representation for module `$paramod$b8444ee5d410294404e4c3b3bbb6e8ef9e9ec507\imem'.
Parameter \IMEM_FILE = 88'0111000001110010011011110110011101110010011000010110110100101110011010000110010101111000

22.3. Executing AST frontend in derive mode using pre-parsed AST for module `\rv32_pipeline'.
Parameter \IMEM_FILE = 88'0111000001110010011011110110011101110010011000010110110100101110011010000110010101111000
Generating RTLIL representation for module `$paramod$66ed5c7c5398c9e4f923964ad0d3f2bb6d6bf8df\rv32_pipeline'.

22.4. Analyzing design hierarchy..
Top module:  \soc_top
Used module:     $paramod$66ed5c7c5398c9e4f923964ad0d3f2bb6d6bf8df\rv32_pipeline
Used module:         \mem_wb_reg
Used module:         \dmem
Used module:         \ex_mem_reg
Used module:         \csr_unit
Used module:         \muldiv
Used module:         \alu
Used module:         \alu_control
Used module:         \forwarding_unit
Used module:         \id_ex_reg
Used module:         \regfile
Used module:         \control_unit
Used module:         \decoder
Used module:         \if_id_reg
Used module:         \imem
Parameter \FILE = 88'0111000001110010011011110110011101110010011000010110110100101110011010000110010101111000
Found cached RTLIL representation for module `$paramod$b8444ee5d410294404e4c3b3bbb6e8ef9e9ec507\imem'.

22.5. Analyzing design hierarchy..
Top module:  \soc_top
Used module:     $paramod$66ed5c7c5398c9e4f923964ad0d3f2bb6d6bf8df\rv32_pipeline
Used module:         \mem_wb_reg
Used module:         \dmem
Used module:         \ex_mem_reg
Used module:         \csr_unit
Used module:         \muldiv
Used module:         \alu
Used module:         \alu_control
Used module:         \forwarding_unit
Used module:         \id_ex_reg
Used module:         \regfile
Used module:         \control_unit
Used module:         \decoder
Used module:         \if_id_reg
Used module:         $paramod$b8444ee5d410294404e4c3b3bbb6e8ef9e9ec507\imem

22.6. Analyzing design hierarchy..
Top module:  \soc_top
Used module:     $paramod$66ed5c7c5398c9e4f923964ad0d3f2bb6d6bf8df\rv32_pipeline
Used module:         \mem_wb_reg
Used module:         \dmem
Used module:         \ex_mem_reg
Used module:         \csr_unit
Used module:         \muldiv
Used module:         \alu
Used module:         \alu_control
Used module:         \forwarding_unit
Used module:         \id_ex_reg
Used module:         \regfile
Used module:         \control_unit
Used module:         \decoder
Used module:         \if_id_reg
Used module:         $paramod$b8444ee5d410294404e4c3b3bbb6e8ef9e9ec507\imem
Removing unused module `\imem'.
Removing unused module `\nmc_array_popcount'.
Removing unused module `\xif_bridge'.
Removing unused module `\cim_sequencer'.
Removing unused module `\nmc_unit'.
Removing unused module `\nmc_pool_reduce'.
Removing unused module `\nmc_threshold'.
Removing unused module `\nmc_psum'.
Removing unused module `\rv32_pipeline'.
Removed 9 unused modules.

23. Executing SYNTH pass.

23.1. Executing HIERARCHY pass (managing design hierarchy).

23.1.1. Analyzing design hierarchy..
Top module:  \soc_top
Used module:     $paramod$66ed5c7c5398c9e4f923964ad0d3f2bb6d6bf8df\rv32_pipeline
Used module:         \mem_wb_reg
Used module:         \dmem
Used module:         \ex_mem_reg
Used module:         \csr_unit
Used module:         \muldiv
Used module:         \alu
Used module:         \alu_control
Used module:         \forwarding_unit
Used module:         \id_ex_reg
Used module:         \regfile
Used module:         \control_unit
Used module:         \decoder
Used module:         \if_id_reg
Used module:         $paramod$b8444ee5d410294404e4c3b3bbb6e8ef9e9ec507\imem

23.1.2. Analyzing design hierarchy..
Top module:  \soc_top
Used module:     $paramod$66ed5c7c5398c9e4f923964ad0d3f2bb6d6bf8df\rv32_pipeline
Used module:         \mem_wb_reg
Used module:         \dmem
Used module:         \ex_mem_reg
Used module:         \csr_unit
Used module:         \muldiv
Used module:         \alu
Used module:         \alu_control
Used module:         \forwarding_unit
Used module:         \id_ex_reg
Used module:         \regfile
Used module:         \control_unit
Used module:         \decoder
Used module:         \if_id_reg
Used module:         $paramod$b8444ee5d410294404e4c3b3bbb6e8ef9e9ec507\imem
Removed 0 unused modules.

23.2. Executing PROC pass (convert processes to netlists).

23.2.1. Executing PROC_CLEAN pass (remove empty switches from decision trees).
Cleaned up 0 empty switches.

23.2.2. Executing PROC_RMDEAD pass (remove dead branches from decision trees).
Marked 1 switch rules as full_case in process $proc$rtl/soc/dmem_macro_ss.v:15$14426 in module dmem.
Marked 2 switch rules as full_case in process $proc$rtl/core/rv32_pipeline.v:448$14589 in module $paramod$66ed5c7c5398c9e4f923964ad0d3f2bb6d6bf8df\rv32_pipeline.
Marked 1 switch rules as full_case in process $proc$rtl/core/rv32_pipeline.v:411$14566 in module $paramod$66ed5c7c5398c9e4f923964ad0d3f2bb6d6bf8df\rv32_pipeline.
Marked 1 switch rules as full_case in process $proc$rtl/core/rv32_pipeline.v:173$14446 in module $paramod$66ed5c7c5398c9e4f923964ad0d3f2bb6d6bf8df\rv32_pipeline.
Marked 2 switch rules as full_case in process $proc$rtl/core/csr_unit.v:23$87 in module csr_unit.
Removed 1 dead cases from process $proc$rtl/core/muldiv.v:23$78 in module muldiv.
Marked 1 switch rules as full_case in process $proc$rtl/core/muldiv.v:23$78 in module muldiv.
Marked 4 switch rules as full_case in process $proc$rtl/core/forwarding_unit.v:22$52 in module forwarding_unit.
Marked 1 switch rules as full_case in process $proc$rtl/core/pipeline_regs.v:280$50 in module mem_wb_reg.
Marked 2 switch rules as full_case in process $proc$rtl/core/pipeline_regs.v:203$48 in module ex_mem_reg.
Marked 2 switch rules as full_case in process $proc$rtl/core/pipeline_regs.v:91$45 in module id_ex_reg.
Marked 2 switch rules as full_case in process $proc$rtl/core/pipeline_regs.v:17$42 in module if_id_reg.
Marked 1 switch rules as full_case in process $proc$rtl/core/control_unit.v:27$41 in module control_unit.
Removed 2 dead cases from process $proc$rtl/core/alu_control.v:19$37 in module alu_control.
Marked 3 switch rules as full_case in process $proc$rtl/core/alu_control.v:19$37 in module alu_control.
Marked 1 switch rules as full_case in process $proc$rtl/core/alu.v:23$24 in module alu.
Marked 1 switch rules as full_case in process $proc$rtl/core/regfile.v:22$14 in module regfile.
Removed a total of 3 dead cases.

23.2.3. Executing PROC_PRUNE pass (remove redundant assignments in processes).
Removed 24 redundant assignments.
Promoted 22 assignments to connections.

23.2.4. Executing PROC_INIT pass (extract init attributes).

23.2.5. Executing PROC_ARST pass (detect async resets in processes).
Found async reset \rst_n in `$paramod$66ed5c7c5398c9e4f923964ad0d3f2bb6d6bf8df\rv32_pipeline.$proc$rtl/core/rv32_pipeline.v:173$14446'.
Found async reset \rst_n in `\csr_unit.$proc$rtl/core/csr_unit.v:23$87'.
Found async reset \rst_n in `\mem_wb_reg.$proc$rtl/core/pipeline_regs.v:280$50'.
Found async reset \rst_n in `\ex_mem_reg.$proc$rtl/core/pipeline_regs.v:203$48'.
Found async reset \rst_n in `\id_ex_reg.$proc$rtl/core/pipeline_regs.v:91$45'.
Found async reset \rst_n in `\if_id_reg.$proc$rtl/core/pipeline_regs.v:17$42'.

23.2.6. Executing PROC_ROM pass (convert switches to ROMs).
Converted 0 switches.
<suppressed ~24 debug messages>

23.2.7. Executing PROC_MUX pass (convert decision trees to multiplexers).
Creating decoders for process `\dmem.$proc$rtl/soc/dmem_macro_ss.v:15$14426'.
     1/1: $1\wmask[3:0]
Creating decoders for process `$paramod$66ed5c7c5398c9e4f923964ad0d3f2bb6d6bf8df\rv32_pipeline.$proc$rtl/core/rv32_pipeline.v:448$14589'.
     1/2: $2\ex_branch_taken[0:0]
     2/2: $1\ex_branch_taken[0:0]
Creating decoders for process `$paramod$66ed5c7c5398c9e4f923964ad0d3f2bb6d6bf8df\rv32_pipeline.$proc$rtl/core/rv32_pipeline.v:411$14566'.
     1/1: $1\ex_csr_new[31:0]
Creating decoders for process `$paramod$66ed5c7c5398c9e4f923964ad0d3f2bb6d6bf8df\rv32_pipeline.$proc$rtl/core/rv32_pipeline.v:173$14446'.
     1/1: $0\pc[31:0]
Creating decoders for process `\csr_unit.$proc$rtl/core/csr_unit.v:23$87'.
     1/6: $0\cycle_cnt[63:0]
     2/6: $0\mtvec[31:0]
     3/6: $0\mcause[31:0]
     4/6: $0\mepc[31:0]
     5/6: $0\mscratch[31:0]
     6/6: $0\instret_cnt[63:0]
Creating decoders for process `\muldiv.$proc$rtl/core/muldiv.v:23$78'.
     1/1: $1\result[31:0]
Creating decoders for process `\forwarding_unit.$proc$rtl/core/forwarding_unit.v:22$52'.
     1/4: $2\forward_b[1:0]
     2/4: $1\forward_b[1:0]
     3/4: $2\forward_a[1:0]
     4/4: $1\forward_a[1:0]
Creating decoders for process `\mem_wb_reg.$proc$rtl/core/pipeline_regs.v:280$50'.
     1/10: $0\pc_plus4_out[31:0]
     2/10: $0\pc_plus4_valid_out[0:0]
     3/10: $0\imm_u_out[31:0]
     4/10: $0\imm_u_valid_out[0:0]
     5/10: $0\lui_out[0:0]
     6/10: $0\mem_to_reg_out[0:0]
     7/10: $0\reg_write_out[0:0]
     8/10: $0\rd_out[4:0]
     9/10: $0\mem_rdata_out[31:0]
    10/10: $0\alu_result_out[31:0]
Creating decoders for process `\ex_mem_reg.$proc$rtl/core/pipeline_regs.v:203$48'.
     1/12: $0\branch_target_out[31:0]
     2/12: $0\branch_taken_out[0:0]
     3/12: $0\jump_out[0:0]
     4/12: $0\branch_out[0:0]
     5/12: $0\mem_to_reg_out[0:0]
     6/12: $0\mem_write_out[0:0]
     7/12: $0\mem_read_out[0:0]
     8/12: $0\reg_write_out[0:0]
     9/12: $0\funct3_out[2:0]
    10/12: $0\rd_out[4:0]
    11/12: $0\rs2_data_out[31:0]
    12/12: $0\alu_result_out[31:0]
Creating decoders for process `\id_ex_reg.$proc$rtl/core/pipeline_regs.v:91$45'.
     1/22: $0\alu_op_out[1:0]
     2/22: $0\auipc_out[0:0]
     3/22: $0\lui_out[0:0]
     4/22: $0\jalr_out[0:0]
     5/22: $0\jump_out[0:0]
     6/22: $0\branch_out[0:0]
     7/22: $0\alu_src_out[0:0]
     8/22: $0\mem_to_reg_out[0:0]
     9/22: $0\mem_write_out[0:0]
    10/22: $0\mem_read_out[0:0]
    11/22: $0\reg_write_out[0:0]
    12/22: $0\opcode_out[6:0]
    13/22: $0\funct7_out[6:0]
    14/22: $0\funct3_out[2:0]
    15/22: $0\rs2_addr_out[4:0]
    16/22: $0\rs1_addr_out[4:0]
    17/22: $0\rd_out[4:0]
    18/22: $0\imm_out[31:0]
    19/22: $0\rs2_data_out[31:0]
    20/22: $0\rs1_data_out[31:0]
    21/22: $0\instr_out[31:0]
    22/22: $0\pc_out[31:0]
Creating decoders for process `\if_id_reg.$proc$rtl/core/pipeline_regs.v:17$42'.
     1/2: $0\instr_out[31:0]
     2/2: $0\pc_out[31:0]
Creating decoders for process `\control_unit.$proc$rtl/core/control_unit.v:27$41'.
     1/11: $1\auipc[0:0]
     2/11: $1\lui[0:0]
     3/11: $1\jalr[0:0]
     4/11: $1\jump[0:0]
     5/11: $1\branch[0:0]
     6/11: $1\alu_src[0:0]
     7/11: $1\mem_to_reg[0:0]
     8/11: $1\mem_write[0:0]
     9/11: $1\mem_read[0:0]
    10/11: $1\reg_write[0:0]
    11/11: $1\alu_op[1:0]
Creating decoders for process `\alu_control.$proc$rtl/core/alu_control.v:19$37'.
     1/3: $3\alu_ctrl[3:0]
     2/3: $2\alu_ctrl[3:0]
     3/3: $1\alu_ctrl[3:0]
Creating decoders for process `\alu.$proc$rtl/core/alu.v:23$24'.
     1/1: $1\result[31:0]
Creating decoders for process `\regfile.$proc$rtl/core/regfile.v:22$14'.
     1/3: $1$memwr$\regs$rtl/core/regfile.v:24$1_EN[31:0]$22
     2/3: $1$memwr$\regs$rtl/core/regfile.v:24$1_DATA[31:0]$21
     3/3: $1$memwr$\regs$rtl/core/regfile.v:24$1_ADDR[4:0]$20

23.2.8. Executing PROC_DLATCH pass (convert process syncs to latches).
No latch inferred for signal `\dmem.\wmask' from process `\dmem.$proc$rtl/soc/dmem_macro_ss.v:15$14426'.
No latch inferred for signal `$paramod$66ed5c7c5398c9e4f923964ad0d3f2bb6d6bf8df\rv32_pipeline.\ex_branch_taken' from process `$paramod$66ed5c7c5398c9e4f923964ad0d3f2bb6d6bf8df\rv32_pipeline.$proc$rtl/core/rv32_pipeline.v:448$14589'.
No latch inferred for signal `$paramod$66ed5c7c5398c9e4f923964ad0d3f2bb6d6bf8df\rv32_pipeline.\ex_csr_new' from process `$paramod$66ed5c7c5398c9e4f923964ad0d3f2bb6d6bf8df\rv32_pipeline.$proc$rtl/core/rv32_pipeline.v:411$14566'.
No latch inferred for signal `\muldiv.\result' from process `\muldiv.$proc$rtl/core/muldiv.v:23$78'.
No latch inferred for signal `\forwarding_unit.\forward_a' from process `\forwarding_unit.$proc$rtl/core/forwarding_unit.v:22$52'.
No latch inferred for signal `\forwarding_unit.\forward_b' from process `\forwarding_unit.$proc$rtl/core/forwarding_unit.v:22$52'.
No latch inferred for signal `\control_unit.\alu_op' from process `\control_unit.$proc$rtl/core/control_unit.v:27$41'.
No latch inferred for signal `\control_unit.\reg_write' from process `\control_unit.$proc$rtl/core/control_unit.v:27$41'.
No latch inferred for signal `\control_unit.\mem_read' from process `\control_unit.$proc$rtl/core/control_unit.v:27$41'.
No latch inferred for signal `\control_unit.\mem_write' from process `\control_unit.$proc$rtl/core/control_unit.v:27$41'.
No latch inferred for signal `\control_unit.\mem_to_reg' from process `\control_unit.$proc$rtl/core/control_unit.v:27$41'.
No latch inferred for signal `\control_unit.\alu_src' from process `\control_unit.$proc$rtl/core/control_unit.v:27$41'.
No latch inferred for signal `\control_unit.\branch' from process `\control_unit.$proc$rtl/core/control_unit.v:27$41'.
No latch inferred for signal `\control_unit.\jump' from process `\control_unit.$proc$rtl/core/control_unit.v:27$41'.
No latch inferred for signal `\control_unit.\jalr' from process `\control_unit.$proc$rtl/core/control_unit.v:27$41'.
No latch inferred for signal `\control_unit.\lui' from process `\control_unit.$proc$rtl/core/control_unit.v:27$41'.
No latch inferred for signal `\control_unit.\auipc' from process `\control_unit.$proc$rtl/core/control_unit.v:27$41'.
No latch inferred for signal `\alu_control.\alu_ctrl' from process `\alu_control.$proc$rtl/core/alu_control.v:19$37'.
No latch inferred for signal `\alu.\result' from process `\alu.$proc$rtl/core/alu.v:23$24'.

23.2.9. Executing PROC_DFF pass (convert process syncs to FFs).
Creating register for signal `$paramod$66ed5c7c5398c9e4f923964ad0d3f2bb6d6bf8df\rv32_pipeline.\pc' using process `$paramod$66ed5c7c5398c9e4f923964ad0d3f2bb6d6bf8df\rv32_pipeline.$proc$rtl/core/rv32_pipeline.v:173$14446'.
  created $adff cell `$procdff$14974' with positive edge clock and positive level reset.
Creating register for signal `\csr_unit.\cycle_cnt' using process `\csr_unit.$proc$rtl/core/csr_unit.v:23$87'.
  created $adff cell `$procdff$14979' with positive edge clock and positive level reset.
Creating register for signal `\csr_unit.\instret_cnt' using process `\csr_unit.$proc$rtl/core/csr_unit.v:23$87'.
  created $adff cell `$procdff$14984' with positive edge clock and positive level reset.
Creating register for signal `\csr_unit.\mscratch' using process `\csr_unit.$proc$rtl/core/csr_unit.v:23$87'.
  created $adff cell `$procdff$14989' with positive edge clock and positive level reset.
Creating register for signal `\csr_unit.\mepc' using process `\csr_unit.$proc$rtl/core/csr_unit.v:23$87'.
  created $adff cell `$procdff$14994' with positive edge clock and positive level reset.
Creating register for signal `\csr_unit.\mcause' using process `\csr_unit.$proc$rtl/core/csr_unit.v:23$87'.
  created $adff cell `$procdff$14999' with positive edge clock and positive level reset.
Creating register for signal `\csr_unit.\mtvec' using process `\csr_unit.$proc$rtl/core/csr_unit.v:23$87'.
  created $adff cell `$procdff$15004' with positive edge clock and positive level reset.
Creating register for signal `\mem_wb_reg.\rd_out' using process `\mem_wb_reg.$proc$rtl/core/pipeline_regs.v:280$50'.
  created $adff cell `$procdff$15009' with positive edge clock and positive level reset.
Creating register for signal `\mem_wb_reg.\reg_write_out' using process `\mem_wb_reg.$proc$rtl/core/pipeline_regs.v:280$50'.
  created $adff cell `$procdff$15014' with positive edge clock and positive level reset.
Creating register for signal `\mem_wb_reg.\mem_to_reg_out' using process `\mem_wb_reg.$proc$rtl/core/pipeline_regs.v:280$50'.
  created $adff cell `$procdff$15019' with positive edge clock and positive level reset.
Creating register for signal `\mem_wb_reg.\lui_out' using process `\mem_wb_reg.$proc$rtl/core/pipeline_regs.v:280$50'.
  created $adff cell `$procdff$15024' with positive edge clock and positive level reset.
Creating register for signal `\mem_wb_reg.\alu_result_out' using process `\mem_wb_reg.$proc$rtl/core/pipeline_regs.v:280$50'.
  created $adff cell `$procdff$15029' with positive edge clock and positive level reset.
Creating register for signal `\mem_wb_reg.\mem_rdata_out' using process `\mem_wb_reg.$proc$rtl/core/pipeline_regs.v:280$50'.
  created $adff cell `$procdff$15034' with positive edge clock and positive level reset.
Creating register for signal `\mem_wb_reg.\imm_u_valid_out' using process `\mem_wb_reg.$proc$rtl/core/pipeline_regs.v:280$50'.
  created $adff cell `$procdff$15039' with positive edge clock and positive level reset.
Creating register for signal `\mem_wb_reg.\imm_u_out' using process `\mem_wb_reg.$proc$rtl/core/pipeline_regs.v:280$50'.
  created $adff cell `$procdff$15044' with positive edge clock and positive level reset.
Creating register for signal `\mem_wb_reg.\pc_plus4_valid_out' using process `\mem_wb_reg.$proc$rtl/core/pipeline_regs.v:280$50'.
  created $adff cell `$procdff$15049' with positive edge clock and positive level reset.
Creating register for signal `\mem_wb_reg.\pc_plus4_out' using process `\mem_wb_reg.$proc$rtl/core/pipeline_regs.v:280$50'.
  created $adff cell `$procdff$15054' with positive edge clock and positive level reset.
Creating register for signal `\ex_mem_reg.\rs2_data_out' using process `\ex_mem_reg.$proc$rtl/core/pipeline_regs.v:203$48'.
  created $adff cell `$procdff$15059' with positive edge clock and positive level reset.
Creating register for signal `\ex_mem_reg.\rd_out' using process `\ex_mem_reg.$proc$rtl/core/pipeline_regs.v:203$48'.
  created $adff cell `$procdff$15064' with positive edge clock and positive level reset.
Creating register for signal `\ex_mem_reg.\funct3_out' using process `\ex_mem_reg.$proc$rtl/core/pipeline_regs.v:203$48'.
  created $adff cell `$procdff$15069' with positive edge clock and positive level reset.
Creating register for signal `\ex_mem_reg.\reg_write_out' using process `\ex_mem_reg.$proc$rtl/core/pipeline_regs.v:203$48'.
  created $adff cell `$procdff$15074' with positive edge clock and positive level reset.
Creating register for signal `\ex_mem_reg.\mem_read_out' using process `\ex_mem_reg.$proc$rtl/core/pipeline_regs.v:203$48'.
  created $adff cell `$procdff$15079' with positive edge clock and positive level reset.
Creating register for signal `\ex_mem_reg.\mem_write_out' using process `\ex_mem_reg.$proc$rtl/core/pipeline_regs.v:203$48'.
  created $adff cell `$procdff$15084' with positive edge clock and positive level reset.
Creating register for signal `\ex_mem_reg.\mem_to_reg_out' using process `\ex_mem_reg.$proc$rtl/core/pipeline_regs.v:203$48'.
  created $adff cell `$procdff$15089' with positive edge clock and positive level reset.
Creating register for signal `\ex_mem_reg.\branch_out' using process `\ex_mem_reg.$proc$rtl/core/pipeline_regs.v:203$48'.
  created $adff cell `$procdff$15094' with positive edge clock and positive level reset.
Creating register for signal `\ex_mem_reg.\jump_out' using process `\ex_mem_reg.$proc$rtl/core/pipeline_regs.v:203$48'.
  created $adff cell `$procdff$15099' with positive edge clock and positive level reset.
Creating register for signal `\ex_mem_reg.\alu_result_out' using process `\ex_mem_reg.$proc$rtl/core/pipeline_regs.v:203$48'.
  created $adff cell `$procdff$15104' with positive edge clock and positive level reset.
Creating register for signal `\ex_mem_reg.\branch_taken_out' using process `\ex_mem_reg.$proc$rtl/core/pipeline_regs.v:203$48'.
  created $adff cell `$procdff$15109' with positive edge clock and positive level reset.
Creating register for signal `\ex_mem_reg.\branch_target_out' using process `\ex_mem_reg.$proc$rtl/core/pipeline_regs.v:203$48'.
  created $adff cell `$procdff$15114' with positive edge clock and positive level reset.
Creating register for signal `\id_ex_reg.\pc_out' using process `\id_ex_reg.$proc$rtl/core/pipeline_regs.v:91$45'.
  created $adff cell `$procdff$15119' with positive edge clock and positive level reset.
Creating register for signal `\id_ex_reg.\instr_out' using process `\id_ex_reg.$proc$rtl/core/pipeline_regs.v:91$45'.
  created $adff cell `$procdff$15124' with positive edge clock and positive level reset.
Creating register for signal `\id_ex_reg.\rs1_data_out' using process `\id_ex_reg.$proc$rtl/core/pipeline_regs.v:91$45'.
  created $adff cell `$procdff$15129' with positive edge clock and positive level reset.
Creating register for signal `\id_ex_reg.\rs2_data_out' using process `\id_ex_reg.$proc$rtl/core/pipeline_regs.v:91$45'.
  created $adff cell `$procdff$15134' with positive edge clock and positive level reset.
Creating register for signal `\id_ex_reg.\imm_out' using process `\id_ex_reg.$proc$rtl/core/pipeline_regs.v:91$45'.
  created $adff cell `$procdff$15139' with positive edge clock and positive level reset.
Creating register for signal `\id_ex_reg.\rd_out' using process `\id_ex_reg.$proc$rtl/core/pipeline_regs.v:91$45'.
  created $adff cell `$procdff$15144' with positive edge clock and positive level reset.
Creating register for signal `\id_ex_reg.\rs1_addr_out' using process `\id_ex_reg.$proc$rtl/core/pipeline_regs.v:91$45'.
  created $adff cell `$procdff$15149' with positive edge clock and positive level reset.
Creating register for signal `\id_ex_reg.\rs2_addr_out' using process `\id_ex_reg.$proc$rtl/core/pipeline_regs.v:91$45'.
  created $adff cell `$procdff$15154' with positive edge clock and positive level reset.
Creating register for signal `\id_ex_reg.\funct3_out' using process `\id_ex_reg.$proc$rtl/core/pipeline_regs.v:91$45'.
  created $adff cell `$procdff$15159' with positive edge clock and positive level reset.
Creating register for signal `\id_ex_reg.\funct7_out' using process `\id_ex_reg.$proc$rtl/core/pipeline_regs.v:91$45'.
  created $adff cell `$procdff$15164' with positive edge clock and positive level reset.
Creating register for signal `\id_ex_reg.\opcode_out' using process `\id_ex_reg.$proc$rtl/core/pipeline_regs.v:91$45'.
  created $adff cell `$procdff$15169' with positive edge clock and positive level reset.
Creating register for signal `\id_ex_reg.\reg_write_out' using process `\id_ex_reg.$proc$rtl/core/pipeline_regs.v:91$45'.
  created $adff cell `$procdff$15174' with positive edge clock and positive level reset.
Creating register for signal `\id_ex_reg.\mem_read_out' using process `\id_ex_reg.$proc$rtl/core/pipeline_regs.v:91$45'.
  created $adff cell `$procdff$15179' with positive edge clock and positive level reset.
Creating register for signal `\id_ex_reg.\mem_write_out' using process `\id_ex_reg.$proc$rtl/core/pipeline_regs.v:91$45'.
  created $adff cell `$procdff$15184' with positive edge clock and positive level reset.
Creating register for signal `\id_ex_reg.\mem_to_reg_out' using process `\id_ex_reg.$proc$rtl/core/pipeline_regs.v:91$45'.
  created $adff cell `$procdff$15189' with positive edge clock and positive level reset.
Creating register for signal `\id_ex_reg.\alu_src_out' using process `\id_ex_reg.$proc$rtl/core/pipeline_regs.v:91$45'.
  created $adff cell `$procdff$15194' with positive edge clock and positive level reset.
Creating register for signal `\id_ex_reg.\branch_out' using process `\id_ex_reg.$proc$rtl/core/pipeline_regs.v:91$45'.
  created $adff cell `$procdff$15199' with positive edge clock and positive level reset.
Creating register for signal `\id_ex_reg.\jump_out' using process `\id_ex_reg.$proc$rtl/core/pipeline_regs.v:91$45'.
  created $adff cell `$procdff$15204' with positive edge clock and positive level reset.
Creating register for signal `\id_ex_reg.\jalr_out' using process `\id_ex_reg.$proc$rtl/core/pipeline_regs.v:91$45'.
  created $adff cell `$procdff$15209' with positive edge clock and positive level reset.
Creating register for signal `\id_ex_reg.\lui_out' using process `\id_ex_reg.$proc$rtl/core/pipeline_regs.v:91$45'.
  created $adff cell `$procdff$15214' with positive edge clock and positive level reset.
Creating register for signal `\id_ex_reg.\auipc_out' using process `\id_ex_reg.$proc$rtl/core/pipeline_regs.v:91$45'.
  created $adff cell `$procdff$15219' with positive edge clock and positive level reset.
Creating register for signal `\id_ex_reg.\alu_op_out' using process `\id_ex_reg.$proc$rtl/core/pipeline_regs.v:91$45'.
  created $adff cell `$procdff$15224' with positive edge clock and positive level reset.
Creating register for signal `\if_id_reg.\pc_out' using process `\if_id_reg.$proc$rtl/core/pipeline_regs.v:17$42'.
  created $adff cell `$procdff$15229' with positive edge clock and positive level reset.
Creating register for signal `\if_id_reg.\instr_out' using process `\if_id_reg.$proc$rtl/core/pipeline_regs.v:17$42'.
  created $adff cell `$procdff$15234' with positive edge clock and positive level reset.
Creating register for signal `\regfile.$memwr$\regs$rtl/core/regfile.v:24$1_ADDR' using process `\regfile.$proc$rtl/core/regfile.v:22$14'.
  created $dff cell `$procdff$15235' with positive edge clock.
Creating register for signal `\regfile.$memwr$\regs$rtl/core/regfile.v:24$1_DATA' using process `\regfile.$proc$rtl/core/regfile.v:22$14'.
  created $dff cell `$procdff$15236' with positive edge clock.
Creating register for signal `\regfile.$memwr$\regs$rtl/core/regfile.v:24$1_EN' using process `\regfile.$proc$rtl/core/regfile.v:22$14'.
  created $dff cell `$procdff$15237' with positive edge clock.

23.2.10. Executing PROC_MEMWR pass (convert process memory writes to cells).

23.2.11. Executing PROC_CLEAN pass (remove empty switches from decision trees).
Found and cleaned up 1 empty switch in `\dmem.$proc$rtl/soc/dmem_macro_ss.v:15$14426'.
Removing empty process `dmem.$proc$rtl/soc/dmem_macro_ss.v:15$14426'.
Found and cleaned up 2 empty switches in `$paramod$66ed5c7c5398c9e4f923964ad0d3f2bb6d6bf8df\rv32_pipeline.$proc$rtl/core/rv32_pipeline.v:448$14589'.
Removing empty process `$paramod$66ed5c7c5398c9e4f923964ad0d3f2bb6d6bf8df\rv32_pipeline.$proc$rtl/core/rv32_pipeline.v:448$14589'.
Found and cleaned up 1 empty switch in `$paramod$66ed5c7c5398c9e4f923964ad0d3f2bb6d6bf8df\rv32_pipeline.$proc$rtl/core/rv32_pipeline.v:411$14566'.
Removing empty process `$paramod$66ed5c7c5398c9e4f923964ad0d3f2bb6d6bf8df\rv32_pipeline.$proc$rtl/core/rv32_pipeline.v:411$14566'.
Removing empty process `$paramod$66ed5c7c5398c9e4f923964ad0d3f2bb6d6bf8df\rv32_pipeline.$proc$rtl/core/rv32_pipeline.v:173$14446'.
Found and cleaned up 4 empty switches in `\csr_unit.$proc$rtl/core/csr_unit.v:23$87'.
Removing empty process `csr_unit.$proc$rtl/core/csr_unit.v:23$87'.
Found and cleaned up 1 empty switch in `\muldiv.$proc$rtl/core/muldiv.v:23$78'.
Removing empty process `muldiv.$proc$rtl/core/muldiv.v:23$78'.
Found and cleaned up 4 empty switches in `\forwarding_unit.$proc$rtl/core/forwarding_unit.v:22$52'.
Removing empty process `forwarding_unit.$proc$rtl/core/forwarding_unit.v:22$52'.
Removing empty process `mem_wb_reg.$proc$rtl/core/pipeline_regs.v:280$50'.
Found and cleaned up 1 empty switch in `\ex_mem_reg.$proc$rtl/core/pipeline_regs.v:203$48'.
Removing empty process `ex_mem_reg.$proc$rtl/core/pipeline_regs.v:203$48'.
Found and cleaned up 2 empty switches in `\id_ex_reg.$proc$rtl/core/pipeline_regs.v:91$45'.
Removing empty process `id_ex_reg.$proc$rtl/core/pipeline_regs.v:91$45'.
Found and cleaned up 2 empty switches in `\if_id_reg.$proc$rtl/core/pipeline_regs.v:17$42'.
Removing empty process `if_id_reg.$proc$rtl/core/pipeline_regs.v:17$42'.
Found and cleaned up 1 empty switch in `\control_unit.$proc$rtl/core/control_unit.v:27$41'.
Removing empty process `control_unit.$proc$rtl/core/control_unit.v:27$41'.
Found and cleaned up 3 empty switches in `\alu_control.$proc$rtl/core/alu_control.v:19$37'.
Removing empty process `alu_control.$proc$rtl/core/alu_control.v:19$37'.
Found and cleaned up 1 empty switch in `\alu.$proc$rtl/core/alu.v:23$24'.
Removing empty process `alu.$proc$rtl/core/alu.v:23$24'.
Found and cleaned up 1 empty switch in `\regfile.$proc$rtl/core/regfile.v:22$14'.
Removing empty process `regfile.$proc$rtl/core/regfile.v:22$14'.
Cleaned up 24 empty switches.

23.2.12. Executing OPT_EXPR pass (perform const folding).
Optimizing module soc_top.
Optimizing module $paramod$b8444ee5d410294404e4c3b3bbb6e8ef9e9ec507\imem.
Optimizing module dmem.
<suppressed ~1 debug messages>
Optimizing module $paramod$66ed5c7c5398c9e4f923964ad0d3f2bb6d6bf8df\rv32_pipeline.
<suppressed ~15 debug messages>
Optimizing module csr_unit.
<suppressed ~12 debug messages>
Optimizing module muldiv.
<suppressed ~2 debug messages>
Optimizing module forwarding_unit.
<suppressed ~4 debug messages>
Optimizing module mem_wb_reg.
<suppressed ~20 debug messages>
Optimizing module ex_mem_reg.
<suppressed ~24 debug messages>
Optimizing module id_ex_reg.
<suppressed ~66 debug messages>
Optimizing module if_id_reg.
<suppressed ~6 debug messages>
Optimizing module control_unit.
Optimizing module alu_control.
<suppressed ~2 debug messages>
Optimizing module alu.
<suppressed ~2 debug messages>
Optimizing module decoder.
Optimizing module regfile.
<suppressed ~3 debug messages>

23.3. Executing OPT_EXPR pass (perform const folding).
Optimizing module soc_top.
Optimizing module $paramod$b8444ee5d410294404e4c3b3bbb6e8ef9e9ec507\imem.
Optimizing module dmem.
Optimizing module $paramod$66ed5c7c5398c9e4f923964ad0d3f2bb6d6bf8df\rv32_pipeline.
Optimizing module csr_unit.
Optimizing module muldiv.
Optimizing module forwarding_unit.
Optimizing module mem_wb_reg.
Optimizing module ex_mem_reg.
Optimizing module id_ex_reg.
Optimizing module if_id_reg.
Optimizing module control_unit.
Optimizing module alu_control.
Optimizing module alu.
Optimizing module decoder.
Optimizing module regfile.

23.4. Executing OPT_CLEAN pass (remove unused cells and wires).
Finding unused cells or wires in module \soc_top..
Finding unused cells or wires in module $paramod$b8444ee5d410294404e4c3b3bbb6e8ef9e9ec507\imem..
Finding unused cells or wires in module \dmem..
Finding unused cells or wires in module $paramod$66ed5c7c5398c9e4f923964ad0d3f2bb6d6bf8df\rv32_pipeline..
Finding unused cells or wires in module \csr_unit..
Finding unused cells or wires in module \muldiv..
Finding unused cells or wires in module \forwarding_unit..
Finding unused cells or wires in module \mem_wb_reg..
Finding unused cells or wires in module \ex_mem_reg..
Finding unused cells or wires in module \id_ex_reg..
Finding unused cells or wires in module \if_id_reg..
Finding unused cells or wires in module \control_unit..
Finding unused cells or wires in module \alu_control..
Finding unused cells or wires in module \alu..
Finding unused cells or wires in module \decoder..
Finding unused cells or wires in module \regfile..
Removed 64 unused cells and 374 unused wires.
<suppressed ~88 debug messages>

23.5. Executing CHECK pass (checking for obvious problems).
Checking module $paramod$66ed5c7c5398c9e4f923964ad0d3f2bb6d6bf8df\rv32_pipeline...
Warning: Wire $paramod$66ed5c7c5398c9e4f923964ad0d3f2bb6d6bf8df\rv32_pipeline.\nmc_issue is used but has no driver.
Checking module $paramod$b8444ee5d410294404e4c3b3bbb6e8ef9e9ec507\imem...
Checking module alu...
Checking module alu_control...
Checking module control_unit...
Checking module csr_unit...
Checking module decoder...
Checking module dmem...
Checking module ex_mem_reg...
Checking module forwarding_unit...
Checking module id_ex_reg...
Checking module if_id_reg...
Checking module mem_wb_reg...
Checking module muldiv...
Checking module regfile...
Checking module soc_top...
Found and reported 1 problems.

23.6. Executing OPT pass (performing simple optimizations).

23.6.1. Executing OPT_EXPR pass (perform const folding).
Optimizing module $paramod$66ed5c7c5398c9e4f923964ad0d3f2bb6d6bf8df\rv32_pipeline.
Optimizing module $paramod$b8444ee5d410294404e4c3b3bbb6e8ef9e9ec507\imem.
Optimizing module alu.
Optimizing module alu_control.
Optimizing module control_unit.
Optimizing module csr_unit.
Optimizing module decoder.
Optimizing module dmem.
Optimizing module ex_mem_reg.
Optimizing module forwarding_unit.
Optimizing module id_ex_reg.
Optimizing module if_id_reg.
Optimizing module mem_wb_reg.
Optimizing module muldiv.
Optimizing module regfile.
Optimizing module soc_top.

23.6.2. Executing OPT_MERGE pass (detect identical cells).
Finding identical cells in module `$paramod$66ed5c7c5398c9e4f923964ad0d3f2bb6d6bf8df\rv32_pipeline'.
<suppressed ~66 debug messages>
Finding identical cells in module `$paramod$b8444ee5d410294404e4c3b3bbb6e8ef9e9ec507\imem'.
Finding identical cells in module `\alu'.
Finding identical cells in module `\alu_control'.
<suppressed ~33 debug messages>
Finding identical cells in module `\control_unit'.
<suppressed ~51 debug messages>
Finding identical cells in module `\csr_unit'.
Finding identical cells in module `\decoder'.
Finding identical cells in module `\dmem'.
Finding identical cells in module `\ex_mem_reg'.
Finding identical cells in module `\forwarding_unit'.
<suppressed ~12 debug messages>
Finding identical cells in module `\id_ex_reg'.
Finding identical cells in module `\if_id_reg'.
Finding identical cells in module `\mem_wb_reg'.
Finding identical cells in module `\muldiv'.
Finding identical cells in module `\regfile'.
Finding identical cells in module `\soc_top'.
Removed a total of 54 cells.

23.6.3. Executing OPT_MUXTREE pass (detect dead branches in mux trees).
Running muxtree optimizer on module $paramod$66ed5c7c5398c9e4f923964ad0d3f2bb6d6bf8df\rv32_pipeline..
  Creating internal representation of mux trees.
  Evaluating internal representation of mux trees.
  Analyzing evaluation results.
    dead port 2/2 on $mux $procmux$14617.
Running muxtree optimizer on module $paramod$b8444ee5d410294404e4c3b3bbb6e8ef9e9ec507\imem..
  Creating internal representation of mux trees.
  No muxes found in this module.
Running muxtree optimizer on module \alu..
  Creating internal representation of mux trees.
  Evaluating internal representation of mux trees.
  Analyzing evaluation results.
Running muxtree optimizer on module \alu_control..
  Creating internal representation of mux trees.
  Evaluating internal representation of mux trees.
  Analyzing evaluation results.
    dead port 2/2 on $mux $procmux$14943.
    dead port 1/3 on $pmux $procmux$14930.
    dead port 2/3 on $pmux $procmux$14930.
Running muxtree optimizer on module \control_unit..
  Creating internal representation of mux trees.
  Evaluating internal representation of mux trees.
  Analyzing evaluation results.
Running muxtree optimizer on module \csr_unit..
  Creating internal representation of mux trees.
  Evaluating internal representation of mux trees.
  Analyzing evaluation results.
Running muxtree optimizer on module \decoder..
  Creating internal representation of mux trees.
  No muxes found in this module.
Running muxtree optimizer on module \dmem..
  Creating internal representation of mux trees.
  Evaluating internal representation of mux trees.
  Analyzing evaluation results.
Running muxtree optimizer on module \ex_mem_reg..
  Creating internal representation of mux trees.
  Evaluating internal representation of mux trees.
  Analyzing evaluation results.
Running muxtree optimizer on module \forwarding_unit..
  Creating internal representation of mux trees.
  Evaluating internal representation of mux trees.
  Analyzing evaluation results.
    dead port 1/2 on $mux $procmux$14675.
    dead port 1/2 on $mux $procmux$14684.
Running muxtree optimizer on module \id_ex_reg..
  Creating internal representation of mux trees.
  Evaluating internal representation of mux trees.
  Analyzing evaluation results.
Running muxtree optimizer on module \if_id_reg..
  Creating internal representation of mux trees.
  Evaluating internal representation of mux trees.
  Analyzing evaluation results.
Running muxtree optimizer on module \mem_wb_reg..
  Creating internal representation of mux trees.
  No muxes found in this module.
Running muxtree optimizer on module \muldiv..
  Creating internal representation of mux trees.
  Evaluating internal representation of mux trees.
  Analyzing evaluation results.
Running muxtree optimizer on module \regfile..
  Creating internal representation of mux trees.
  Evaluating internal representation of mux trees.
  Analyzing evaluation results.
Running muxtree optimizer on module \soc_top..
  Creating internal representation of mux trees.
  No muxes found in this module.
Removed 6 multiplexer ports.
<suppressed ~77 debug messages>

23.6.4. Executing OPT_REDUCE pass (consolidate $*mux and $reduce_* inputs).
  Optimizing cells in module $paramod$66ed5c7c5398c9e4f923964ad0d3f2bb6d6bf8df\rv32_pipeline.
  Optimizing cells in module $paramod$b8444ee5d410294404e4c3b3bbb6e8ef9e9ec507\imem.
  Optimizing cells in module \alu.
  Optimizing cells in module \alu_control.
  Optimizing cells in module \control_unit.
    New ctrl vector for $pmux cell $procmux$14904: $auto$opt_reduce.cc:137:opt_pmux$15240
    New ctrl vector for $pmux cell $procmux$14871: $auto$opt_reduce.cc:137:opt_pmux$15242
    New ctrl vector for $pmux cell $procmux$14913: { $auto$opt_reduce.cc:137:opt_pmux$15246 $auto$opt_reduce.cc:137:opt_pmux$15244 }
  Optimizing cells in module \control_unit.
  Optimizing cells in module \csr_unit.
  Optimizing cells in module \decoder.
  Optimizing cells in module \dmem.
  Optimizing cells in module \ex_mem_reg.
  Optimizing cells in module \forwarding_unit.
  Optimizing cells in module \id_ex_reg.
  Optimizing cells in module \if_id_reg.
  Optimizing cells in module \mem_wb_reg.
  Optimizing cells in module \muldiv.
  Optimizing cells in module \regfile.
    Consolidated identical input bits for $mux cell $procmux$14962:
      Old ports: A=0, B=32'11111111111111111111111111111111, Y=$0$memwr$\regs$rtl/core/regfile.v:24$1_EN[31:0]$17
      New ports: A=1'0, B=1'1, Y=$0$memwr$\regs$rtl/core/regfile.v:24$1_EN[31:0]$17 [0]
      New connections: $0$memwr$\regs$rtl/core/regfile.v:24$1_EN[31:0]$17 [31:1] = { $0$memwr$\regs$rtl/core/regfile.v:24$1_EN[31:0]$17 [0] $0$memwr$\regs$rtl/core/regfile.v:24$1_EN[31:0]$17 [0] $0$memwr$\regs$rtl/core/regfile.v:24$1_EN[31:0]$17 [0] $0$memwr$\regs$rtl/core/regfile.v:24$1_EN[31:0]$17 [0] $0$memwr$\regs$rtl/core/regfile.v:24$1_EN[31:0]$17 [0] $0$memwr$\regs$rtl/core/regfile.v:24$1_EN[31:0]$17 [0] $0$memwr$\regs$rtl/core/regfile.v:24$1_EN[31:0]$17 [0] $0$memwr$\regs$rtl/core/regfile.v:24$1_EN[31:0]$17 [0] $0$memwr$\regs$rtl/core/regfile.v:24$1_EN[31:0]$17 [0] $0$memwr$\regs$rtl/core/regfile.v:24$1_EN[31:0]$17 [0] $0$memwr$\regs$rtl/core/regfile.v:24$1_EN[31:0]$17 [0] $0$memwr$\regs$rtl/core/regfile.v:24$1_EN[31:0]$17 [0] $0$memwr$\regs$rtl/core/regfile.v:24$1_EN[31:0]$17 [0] $0$memwr$\regs$rtl/core/regfile.v:24$1_EN[31:0]$17 [0] $0$memwr$\regs$rtl/core/regfile.v:24$1_EN[31:0]$17 [0] $0$memwr$\regs$rtl/core/regfile.v:24$1_EN[31:0]$17 [0] $0$memwr$\regs$rtl/core/regfile.v:24$1_EN[31:0]$17 [0] $0$memwr$\regs$rtl/core/regfile.v:24$1_EN[31:0]$17 [0] $0$memwr$\regs$rtl/core/regfile.v:24$1_EN[31:0]$17 [0] $0$memwr$\regs$rtl/core/regfile.v:24$1_EN[31:0]$17 [0] $0$memwr$\regs$rtl/core/regfile.v:24$1_EN[31:0]$17 [0] $0$memwr$\regs$rtl/core/regfile.v:24$1_EN[31:0]$17 [0] $0$memwr$\regs$rtl/core/regfile.v:24$1_EN[31:0]$17 [0] $0$memwr$\regs$rtl/core/regfile.v:24$1_EN[31:0]$17 [0] $0$memwr$\regs$rtl/core/regfile.v:24$1_EN[31:0]$17 [0] $0$memwr$\regs$rtl/core/regfile.v:24$1_EN[31:0]$17 [0] $0$memwr$\regs$rtl/core/regfile.v:24$1_EN[31:0]$17 [0] $0$memwr$\regs$rtl/core/regfile.v:24$1_EN[31:0]$17 [0] $0$memwr$\regs$rtl/core/regfile.v:24$1_EN[31:0]$17 [0] $0$memwr$\regs$rtl/core/regfile.v:24$1_EN[31:0]$17 [0] $0$memwr$\regs$rtl/core/regfile.v:24$1_EN[31:0]$17 [0] }
  Optimizing cells in module \regfile.
  Optimizing cells in module \soc_top.
Performed a total of 4 changes.

23.6.5. Executing OPT_MERGE pass (detect identical cells).
Finding identical cells in module `$paramod$66ed5c7c5398c9e4f923964ad0d3f2bb6d6bf8df\rv32_pipeline'.
Finding identical cells in module `$paramod$b8444ee5d410294404e4c3b3bbb6e8ef9e9ec507\imem'.
Finding identical cells in module `\alu'.
Finding identical cells in module `\alu_control'.
<suppressed ~3 debug messages>
Finding identical cells in module `\control_unit'.
<suppressed ~3 debug messages>
Finding identical cells in module `\csr_unit'.
Finding identical cells in module `\decoder'.
Finding identical cells in module `\dmem'.
Finding identical cells in module `\ex_mem_reg'.
Finding identical cells in module `\forwarding_unit'.
Finding identical cells in module `\id_ex_reg'.
Finding identical cells in module `\if_id_reg'.
Finding identical cells in module `\mem_wb_reg'.
Finding identical cells in module `\muldiv'.
Finding identical cells in module `\regfile'.
Finding identical cells in module `\soc_top'.
Removed a total of 2 cells.

23.6.6. Executing OPT_DFF pass (perform DFF optimizations).

23.6.7. Executing OPT_CLEAN pass (remove unused cells and wires).
Finding unused cells or wires in module $paramod$66ed5c7c5398c9e4f923964ad0d3f2bb6d6bf8df\rv32_pipeline..
Finding unused cells or wires in module $paramod$b8444ee5d410294404e4c3b3bbb6e8ef9e9ec507\imem..
Finding unused cells or wires in module \alu..
Finding unused cells or wires in module \alu_control..
Finding unused cells or wires in module \control_unit..
Finding unused cells or wires in module \csr_unit..
Finding unused cells or wires in module \decoder..
Finding unused cells or wires in module \dmem..
Finding unused cells or wires in module \ex_mem_reg..
Finding unused cells or wires in module \forwarding_unit..
Finding unused cells or wires in module \id_ex_reg..
Finding unused cells or wires in module \if_id_reg..
Finding unused cells or wires in module \mem_wb_reg..
Finding unused cells or wires in module \muldiv..
Finding unused cells or wires in module \regfile..
Finding unused cells or wires in module \soc_top..
Removed 0 unused cells and 59 unused wires.
<suppressed ~4 debug messages>

23.6.8. Executing OPT_EXPR pass (perform const folding).
Optimizing module $paramod$66ed5c7c5398c9e4f923964ad0d3f2bb6d6bf8df\rv32_pipeline.
Optimizing module $paramod$b8444ee5d410294404e4c3b3bbb6e8ef9e9ec507\imem.
Optimizing module alu.
Optimizing module alu_control.
Optimizing module control_unit.
Optimizing module csr_unit.
Optimizing module decoder.
Optimizing module dmem.
Optimizing module ex_mem_reg.
Optimizing module forwarding_unit.
Optimizing module id_ex_reg.
Optimizing module if_id_reg.
Optimizing module mem_wb_reg.
Optimizing module muldiv.
Optimizing module regfile.
Optimizing module soc_top.

23.6.9. Rerunning OPT passes. (Maybe there is more to do..)

23.6.10. Executing OPT_MUXTREE pass (detect dead branches in mux trees).
Running muxtree optimizer on module $paramod$66ed5c7c5398c9e4f923964ad0d3f2bb6d6bf8df\rv32_pipeline..
  Creating internal representation of mux trees.
  Evaluating internal representation of mux trees.
  Analyzing evaluation results.
Running muxtree optimizer on module $paramod$b8444ee5d410294404e4c3b3bbb6e8ef9e9ec507\imem..
  Creating internal representation of mux trees.
  No muxes found in this module.
Running muxtree optimizer on module \alu..
  Creating internal representation of mux trees.
  Evaluating internal representation of mux trees.
  Analyzing evaluation results.
Running muxtree optimizer on module \alu_control..
  Creating internal representation of mux trees.
  Evaluating internal representation of mux trees.
  Analyzing evaluation results.
Running muxtree optimizer on module \control_unit..
  Creating internal representation of mux trees.
  Evaluating internal representation of mux trees.
  Analyzing evaluation results.
Running muxtree optimizer on module \csr_unit..
  Creating internal representation of mux trees.
  Evaluating internal representation of mux trees.
  Analyzing evaluation results.
Running muxtree optimizer on module \decoder..
  Creating internal representation of mux trees.
  No muxes found in this module.
Running muxtree optimizer on module \dmem..
  Creating internal representation of mux trees.
  Evaluating internal representation of mux trees.
  Analyzing evaluation results.
Running muxtree optimizer on module \ex_mem_reg..
  Creating internal representation of mux trees.
  Evaluating internal representation of mux trees.
  Analyzing evaluation results.
Running muxtree optimizer on module \forwarding_unit..
  Creating internal representation of mux trees.
  Evaluating internal representation of mux trees.
  Analyzing evaluation results.
Running muxtree optimizer on module \id_ex_reg..
  Creating internal representation of mux trees.
  Evaluating internal representation of mux trees.
  Analyzing evaluation results.
Running muxtree optimizer on module \if_id_reg..
  Creating internal representation of mux trees.
  Evaluating internal representation of mux trees.
  Analyzing evaluation results.
Running muxtree optimizer on module \mem_wb_reg..
  Creating internal representation of mux trees.
  No muxes found in this module.
Running muxtree optimizer on module \muldiv..
  Creating internal representation of mux trees.
  Evaluating internal representation of mux trees.
  Analyzing evaluation results.
Running muxtree optimizer on module \regfile..
  Creating internal representation of mux trees.
  Evaluating internal representation of mux trees.
  Analyzing evaluation results.
Running muxtree optimizer on module \soc_top..
  Creating internal representation of mux trees.
  No muxes found in this module.
Removed 0 multiplexer ports.
<suppressed ~77 debug messages>

23.6.11. Executing OPT_REDUCE pass (consolidate $*mux and $reduce_* inputs).
  Optimizing cells in module $paramod$66ed5c7c5398c9e4f923964ad0d3f2bb6d6bf8df\rv32_pipeline.
  Optimizing cells in module $paramod$b8444ee5d410294404e4c3b3bbb6e8ef9e9ec507\imem.
  Optimizing cells in module \alu.
  Optimizing cells in module \alu_control.
  Optimizing cells in module \control_unit.
  Optimizing cells in module \csr_unit.
  Optimizing cells in module \decoder.
  Optimizing cells in module \dmem.
  Optimizing cells in module \ex_mem_reg.
  Optimizing cells in module \forwarding_unit.
  Optimizing cells in module \id_ex_reg.
  Optimizing cells in module \if_id_reg.
  Optimizing cells in module \mem_wb_reg.
  Optimizing cells in module \muldiv.
  Optimizing cells in module \regfile.
  Optimizing cells in module \soc_top.
Performed a total of 0 changes.

23.6.12. Executing OPT_MERGE pass (detect identical cells).
Finding identical cells in module `$paramod$66ed5c7c5398c9e4f923964ad0d3f2bb6d6bf8df\rv32_pipeline'.
Finding identical cells in module `$paramod$b8444ee5d410294404e4c3b3bbb6e8ef9e9ec507\imem'.
Finding identical cells in module `\alu'.
Finding identical cells in module `\alu_control'.
Finding identical cells in module `\control_unit'.
Finding identical cells in module `\csr_unit'.
Finding identical cells in module `\decoder'.
Finding identical cells in module `\dmem'.
Finding identical cells in module `\ex_mem_reg'.
Finding identical cells in module `\forwarding_unit'.
Finding identical cells in module `\id_ex_reg'.
Finding identical cells in module `\if_id_reg'.
Finding identical cells in module `\mem_wb_reg'.
Finding identical cells in module `\muldiv'.
Finding identical cells in module `\regfile'.
Finding identical cells in module `\soc_top'.
Removed a total of 0 cells.

23.6.13. Executing OPT_DFF pass (perform DFF optimizations).

23.6.14. Executing OPT_CLEAN pass (remove unused cells and wires).
Finding unused cells or wires in module $paramod$66ed5c7c5398c9e4f923964ad0d3f2bb6d6bf8df\rv32_pipeline..
Finding unused cells or wires in module $paramod$b8444ee5d410294404e4c3b3bbb6e8ef9e9ec507\imem..
Finding unused cells or wires in module \alu..
Finding unused cells or wires in module \alu_control..
Finding unused cells or wires in module \control_unit..
Finding unused cells or wires in module \csr_unit..
Finding unused cells or wires in module \decoder..
Finding unused cells or wires in module \dmem..
Finding unused cells or wires in module \ex_mem_reg..
Finding unused cells or wires in module \forwarding_unit..
Finding unused cells or wires in module \id_ex_reg..
Finding unused cells or wires in module \if_id_reg..
Finding unused cells or wires in module \mem_wb_reg..
Finding unused cells or wires in module \muldiv..
Finding unused cells or wires in module \regfile..
Finding unused cells or wires in module \soc_top..

23.6.15. Executing OPT_EXPR pass (perform const folding).
Optimizing module $paramod$66ed5c7c5398c9e4f923964ad0d3f2bb6d6bf8df\rv32_pipeline.
Optimizing module $paramod$b8444ee5d410294404e4c3b3bbb6e8ef9e9ec507\imem.
Optimizing module alu.
Optimizing module alu_control.
Optimizing module control_unit.
Optimizing module csr_unit.
Optimizing module decoder.
Optimizing module dmem.
Optimizing module ex_mem_reg.
Optimizing module forwarding_unit.
Optimizing module id_ex_reg.
Optimizing module if_id_reg.
Optimizing module mem_wb_reg.
Optimizing module muldiv.
Optimizing module regfile.
Optimizing module soc_top.

23.6.16. Finished OPT passes. (There is nothing left to do.)

23.7. Executing FSM pass (extract and optimize FSM).

23.7.1. Executing FSM_DETECT pass (finding FSMs in design).

23.7.2. Executing FSM_EXTRACT pass (extracting FSM from design).

23.7.3. Executing FSM_OPT pass (simple optimizations of FSMs).

23.7.4. Executing OPT_CLEAN pass (remove unused cells and wires).
Finding unused cells or wires in module $paramod$66ed5c7c5398c9e4f923964ad0d3f2bb6d6bf8df\rv32_pipeline..
Finding unused cells or wires in module $paramod$b8444ee5d410294404e4c3b3bbb6e8ef9e9ec507\imem..
Finding unused cells or wires in module \alu..
Finding unused cells or wires in module \alu_control..
Finding unused cells or wires in module \control_unit..
Finding unused cells or wires in module \csr_unit..
Finding unused cells or wires in module \decoder..
Finding unused cells or wires in module \dmem..
Finding unused cells or wires in module \ex_mem_reg..
Finding unused cells or wires in module \forwarding_unit..
Finding unused cells or wires in module \id_ex_reg..
Finding unused cells or wires in module \if_id_reg..
Finding unused cells or wires in module \mem_wb_reg..
Finding unused cells or wires in module \muldiv..
Finding unused cells or wires in module \regfile..
Finding unused cells or wires in module \soc_top..

23.7.5. Executing FSM_OPT pass (simple optimizations of FSMs).

23.7.6. Executing FSM_RECODE pass (re-assigning FSM state encoding).

23.7.7. Executing FSM_INFO pass (dumping all available information on FSM cells).

23.7.8. Executing FSM_MAP pass (mapping FSMs to basic logic).

23.8. Executing OPT pass (performing simple optimizations).

23.8.1. Executing OPT_EXPR pass (perform const folding).
Optimizing module $paramod$66ed5c7c5398c9e4f923964ad0d3f2bb6d6bf8df\rv32_pipeline.
Optimizing module $paramod$b8444ee5d410294404e4c3b3bbb6e8ef9e9ec507\imem.
Optimizing module alu.
Optimizing module alu_control.
Optimizing module control_unit.
Optimizing module csr_unit.
Optimizing module decoder.
Optimizing module dmem.
Optimizing module ex_mem_reg.
Optimizing module forwarding_unit.
Optimizing module id_ex_reg.
Optimizing module if_id_reg.
Optimizing module mem_wb_reg.
Optimizing module muldiv.
Optimizing module regfile.
Optimizing module soc_top.

23.8.2. Executing OPT_MERGE pass (detect identical cells).
Finding identical cells in module `$paramod$66ed5c7c5398c9e4f923964ad0d3f2bb6d6bf8df\rv32_pipeline'.
Finding identical cells in module `$paramod$b8444ee5d410294404e4c3b3bbb6e8ef9e9ec507\imem'.
Finding identical cells in module `\alu'.
Finding identical cells in module `\alu_control'.
Finding identical cells in module `\control_unit'.
Finding identical cells in module `\csr_unit'.
Finding identical cells in module `\decoder'.
Finding identical cells in module `\dmem'.
Finding identical cells in module `\ex_mem_reg'.
Finding identical cells in module `\forwarding_unit'.
Finding identical cells in module `\id_ex_reg'.
Finding identical cells in module `\if_id_reg'.
Finding identical cells in module `\mem_wb_reg'.
Finding identical cells in module `\muldiv'.
Finding identical cells in module `\regfile'.
Finding identical cells in module `\soc_top'.
Removed a total of 0 cells.

23.8.3. Executing OPT_MUXTREE pass (detect dead branches in mux trees).
Running muxtree optimizer on module $paramod$66ed5c7c5398c9e4f923964ad0d3f2bb6d6bf8df\rv32_pipeline..
  Creating internal representation of mux trees.
  Evaluating internal representation of mux trees.
  Analyzing evaluation results.
Running muxtree optimizer on module $paramod$b8444ee5d410294404e4c3b3bbb6e8ef9e9ec507\imem..
  Creating internal representation of mux trees.
  No muxes found in this module.
Running muxtree optimizer on module \alu..
  Creating internal representation of mux trees.
  Evaluating internal representation of mux trees.
  Analyzing evaluation results.
Running muxtree optimizer on module \alu_control..
  Creating internal representation of mux trees.
  Evaluating internal representation of mux trees.
  Analyzing evaluation results.
Running muxtree optimizer on module \control_unit..
  Creating internal representation of mux trees.
  Evaluating internal representation of mux trees.
  Analyzing evaluation results.
Running muxtree optimizer on module \csr_unit..
  Creating internal representation of mux trees.
  Evaluating internal representation of mux trees.
  Analyzing evaluation results.
Running muxtree optimizer on module \decoder..
  Creating internal representation of mux trees.
  No muxes found in this module.
Running muxtree optimizer on module \dmem..
  Creating internal representation of mux trees.
  Evaluating internal representation of mux trees.
  Analyzing evaluation results.
Running muxtree optimizer on module \ex_mem_reg..
  Creating internal representation of mux trees.
  Evaluating internal representation of mux trees.
  Analyzing evaluation results.
Running muxtree optimizer on module \forwarding_unit..
  Creating internal representation of mux trees.
  Evaluating internal representation of mux trees.
  Analyzing evaluation results.
Running muxtree optimizer on module \id_ex_reg..
  Creating internal representation of mux trees.
  Evaluating internal representation of mux trees.
  Analyzing evaluation results.
Running muxtree optimizer on module \if_id_reg..
  Creating internal representation of mux trees.
  Evaluating internal representation of mux trees.
  Analyzing evaluation results.
Running muxtree optimizer on module \mem_wb_reg..
  Creating internal representation of mux trees.
  No muxes found in this module.
Running muxtree optimizer on module \muldiv..
  Creating internal representation of mux trees.
  Evaluating internal representation of mux trees.
  Analyzing evaluation results.
Running muxtree optimizer on module \regfile..
  Creating internal representation of mux trees.
  Evaluating internal representation of mux trees.
  Analyzing evaluation results.
Running muxtree optimizer on module \soc_top..
  Creating internal representation of mux trees.
  No muxes found in this module.
Removed 0 multiplexer ports.
<suppressed ~77 debug messages>

23.8.4. Executing OPT_REDUCE pass (consolidate $*mux and $reduce_* inputs).
  Optimizing cells in module $paramod$66ed5c7c5398c9e4f923964ad0d3f2bb6d6bf8df\rv32_pipeline.
  Optimizing cells in module $paramod$b8444ee5d410294404e4c3b3bbb6e8ef9e9ec507\imem.
  Optimizing cells in module \alu.
  Optimizing cells in module \alu_control.
  Optimizing cells in module \control_unit.
  Optimizing cells in module \csr_unit.
  Optimizing cells in module \decoder.
  Optimizing cells in module \dmem.
  Optimizing cells in module \ex_mem_reg.
  Optimizing cells in module \forwarding_unit.
  Optimizing cells in module \id_ex_reg.
  Optimizing cells in module \if_id_reg.
  Optimizing cells in module \mem_wb_reg.
  Optimizing cells in module \muldiv.
  Optimizing cells in module \regfile.
  Optimizing cells in module \soc_top.
Performed a total of 0 changes.

23.8.5. Executing OPT_MERGE pass (detect identical cells).
Finding identical cells in module `$paramod$66ed5c7c5398c9e4f923964ad0d3f2bb6d6bf8df\rv32_pipeline'.
Finding identical cells in module `$paramod$b8444ee5d410294404e4c3b3bbb6e8ef9e9ec507\imem'.
Finding identical cells in module `\alu'.
Finding identical cells in module `\alu_control'.
Finding identical cells in module `\control_unit'.
Finding identical cells in module `\csr_unit'.
Finding identical cells in module `\decoder'.
Finding identical cells in module `\dmem'.
Finding identical cells in module `\ex_mem_reg'.
Finding identical cells in module `\forwarding_unit'.
Finding identical cells in module `\id_ex_reg'.
Finding identical cells in module `\if_id_reg'.
Finding identical cells in module `\mem_wb_reg'.
Finding identical cells in module `\muldiv'.
Finding identical cells in module `\regfile'.
Finding identical cells in module `\soc_top'.
Removed a total of 0 cells.

23.8.6. Executing OPT_DFF pass (perform DFF optimizations).
Adding EN signal on $procdff$14974 ($adff) from module $paramod$66ed5c7c5398c9e4f923964ad0d3f2bb6d6bf8df\rv32_pipeline (D = \next_pc, Q = \pc).
Adding EN signal on $procdff$15004 ($adff) from module csr_unit (D = \wdata, Q = \mtvec).
Adding EN signal on $procdff$14999 ($adff) from module csr_unit (D = $0\mcause[31:0], Q = \mcause).
Adding EN signal on $procdff$14994 ($adff) from module csr_unit (D = $0\mepc[31:0], Q = \mepc).
Adding EN signal on $procdff$14989 ($adff) from module csr_unit (D = \wdata, Q = \mscratch).
Adding EN signal on $procdff$14984 ($adff) from module csr_unit (D = $add$rtl/core/csr_unit.v:34$90_Y, Q = \instret_cnt).
Adding EN signal on $procdff$15224 ($adff) from module id_ex_reg (D = $0\alu_op_out[1:0], Q = \alu_op_out).
Adding EN signal on $procdff$15219 ($adff) from module id_ex_reg (D = $0\auipc_out[0:0], Q = \auipc_out).
Adding EN signal on $procdff$15214 ($adff) from module id_ex_reg (D = $0\lui_out[0:0], Q = \lui_out).
Adding EN signal on $procdff$15209 ($adff) from module id_ex_reg (D = $0\jalr_out[0:0], Q = \jalr_out).
Adding EN signal on $procdff$15204 ($adff) from module id_ex_reg (D = $0\jump_out[0:0], Q = \jump_out).
Adding EN signal on $procdff$15199 ($adff) from module id_ex_reg (D = $0\branch_out[0:0], Q = \branch_out).
Adding EN signal on $procdff$15194 ($adff) from module id_ex_reg (D = $0\alu_src_out[0:0], Q = \alu_src_out).
Adding EN signal on $procdff$15189 ($adff) from module id_ex_reg (D = $0\mem_to_reg_out[0:0], Q = \mem_to_reg_out).
Adding EN signal on $procdff$15184 ($adff) from module id_ex_reg (D = $0\mem_write_out[0:0], Q = \mem_write_out).
Adding EN signal on $procdff$15179 ($adff) from module id_ex_reg (D = $0\mem_read_out[0:0], Q = \mem_read_out).
Adding EN signal on $procdff$15174 ($adff) from module id_ex_reg (D = $0\reg_write_out[0:0], Q = \reg_write_out).
Adding EN signal on $procdff$15169 ($adff) from module id_ex_reg (D = $0\opcode_out[6:0], Q = \opcode_out).
Adding EN signal on $procdff$15164 ($adff) from module id_ex_reg (D = $0\funct7_out[6:0], Q = \funct7_out).
Adding EN signal on $procdff$15159 ($adff) from module id_ex_reg (D = $0\funct3_out[2:0], Q = \funct3_out).
Adding EN signal on $procdff$15154 ($adff) from module id_ex_reg (D = $0\rs2_addr_out[4:0], Q = \rs2_addr_out).
Adding EN signal on $procdff$15149 ($adff) from module id_ex_reg (D = $0\rs1_addr_out[4:0], Q = \rs1_addr_out).
Adding EN signal on $procdff$15144 ($adff) from module id_ex_reg (D = $0\rd_out[4:0], Q = \rd_out).
Adding EN signal on $procdff$15139 ($adff) from module id_ex_reg (D = $0\imm_out[31:0], Q = \imm_out).
Adding EN signal on $procdff$15134 ($adff) from module id_ex_reg (D = $0\rs2_data_out[31:0], Q = \rs2_data_out).
Adding EN signal on $procdff$15129 ($adff) from module id_ex_reg (D = $0\rs1_data_out[31:0], Q = \rs1_data_out).
Adding EN signal on $procdff$15124 ($adff) from module id_ex_reg (D = $0\instr_out[31:0], Q = \instr_out).
Adding EN signal on $procdff$15119 ($adff) from module id_ex_reg (D = $0\pc_out[31:0], Q = \pc_out).
Adding EN signal on $procdff$15234 ($adff) from module if_id_reg (D = $0\instr_out[31:0], Q = \instr_out).
Adding EN signal on $procdff$15229 ($adff) from module if_id_reg (D = $0\pc_out[31:0], Q = \pc_out).

23.8.7. Executing OPT_CLEAN pass (remove unused cells and wires).
Finding unused cells or wires in module $paramod$66ed5c7c5398c9e4f923964ad0d3f2bb6d6bf8df\rv32_pipeline..
Finding unused cells or wires in module $paramod$b8444ee5d410294404e4c3b3bbb6e8ef9e9ec507\imem..
Finding unused cells or wires in module \alu..
Finding unused cells or wires in module \alu_control..
Finding unused cells or wires in module \control_unit..
Finding unused cells or wires in module \csr_unit..
Finding unused cells or wires in module \decoder..
Finding unused cells or wires in module \dmem..
Finding unused cells or wires in module \ex_mem_reg..
Finding unused cells or wires in module \forwarding_unit..
Finding unused cells or wires in module \id_ex_reg..
Finding unused cells or wires in module \if_id_reg..
Finding unused cells or wires in module \mem_wb_reg..
Finding unused cells or wires in module \muldiv..
Finding unused cells or wires in module \regfile..
Finding unused cells or wires in module \soc_top..
Removed 7 unused cells and 7 unused wires.
<suppressed ~8 debug messages>

23.8.8. Executing OPT_EXPR pass (perform const folding).
Optimizing module $paramod$66ed5c7c5398c9e4f923964ad0d3f2bb6d6bf8df\rv32_pipeline.
Optimizing module $paramod$b8444ee5d410294404e4c3b3bbb6e8ef9e9ec507\imem.
Optimizing module alu.
Optimizing module alu_control.
Optimizing module control_unit.
Optimizing module csr_unit.
<suppressed ~2 debug messages>
Optimizing module decoder.
Optimizing module dmem.
Optimizing module ex_mem_reg.
Optimizing module forwarding_unit.
Optimizing module id_ex_reg.
Optimizing module if_id_reg.
Optimizing module mem_wb_reg.
Optimizing module muldiv.
Optimizing module regfile.
Optimizing module soc_top.

23.8.9. Rerunning OPT passes. (Maybe there is more to do..)

23.8.10. Executing OPT_MUXTREE pass (detect dead branches in mux trees).
Running muxtree optimizer on module $paramod$66ed5c7c5398c9e4f923964ad0d3f2bb6d6bf8df\rv32_pipeline..
  Creating internal representation of mux trees.
  Evaluating internal representation of mux trees.
  Analyzing evaluation results.
Running muxtree optimizer on module $paramod$b8444ee5d410294404e4c3b3bbb6e8ef9e9ec507\imem..
  Creating internal representation of mux trees.
  No muxes found in this module.
Running muxtree optimizer on module \alu..
  Creating internal representation of mux trees.
  Evaluating internal representation of mux trees.
  Analyzing evaluation results.
Running muxtree optimizer on module \alu_control..
  Creating internal representation of mux trees.
  Evaluating internal representation of mux trees.
  Analyzing evaluation results.
Running muxtree optimizer on module \control_unit..
  Creating internal representation of mux trees.
  Evaluating internal representation of mux trees.
  Analyzing evaluation results.
Running muxtree optimizer on module \csr_unit..
  Creating internal representation of mux trees.
  Evaluating internal representation of mux trees.
  Analyzing evaluation results.
Running muxtree optimizer on module \decoder..
  Creating internal representation of mux trees.
  No muxes found in this module.
Running muxtree optimizer on module \dmem..
  Creating internal representation of mux trees.
  Evaluating internal representation of mux trees.
  Analyzing evaluation results.
Running muxtree optimizer on module \ex_mem_reg..
  Creating internal representation of mux trees.
  Evaluating internal representation of mux trees.
  Analyzing evaluation results.
Running muxtree optimizer on module \forwarding_unit..
  Creating internal representation of mux trees.
  Evaluating internal representation of mux trees.
  Analyzing evaluation results.
Running muxtree optimizer on module \id_ex_reg..
  Creating internal representation of mux trees.
  Evaluating internal representation of mux trees.
  Analyzing evaluation results.
Running muxtree optimizer on module \if_id_reg..
  Creating internal representation of mux trees.
  Evaluating internal representation of mux trees.
  Analyzing evaluation results.
Running muxtree optimizer on module \mem_wb_reg..
  Creating internal representation of mux trees.
  No muxes found in this module.
Running muxtree optimizer on module \muldiv..
  Creating internal representation of mux trees.
  Evaluating internal representation of mux trees.
  Analyzing evaluation results.
Running muxtree optimizer on module \regfile..
  Creating internal representation of mux trees.
  Evaluating internal representation of mux trees.
  Analyzing evaluation results.
Running muxtree optimizer on module \soc_top..
  Creating internal representation of mux trees.
  No muxes found in this module.
Removed 0 multiplexer ports.
<suppressed ~74 debug messages>

23.8.11. Executing OPT_REDUCE pass (consolidate $*mux and $reduce_* inputs).
  Optimizing cells in module $paramod$66ed5c7c5398c9e4f923964ad0d3f2bb6d6bf8df\rv32_pipeline.
  Optimizing cells in module $paramod$b8444ee5d410294404e4c3b3bbb6e8ef9e9ec507\imem.
  Optimizing cells in module \alu.
  Optimizing cells in module \alu_control.
  Optimizing cells in module \control_unit.
  Optimizing cells in module \csr_unit.
  Optimizing cells in module \decoder.
  Optimizing cells in module \dmem.
  Optimizing cells in module \ex_mem_reg.
  Optimizing cells in module \forwarding_unit.
  Optimizing cells in module \id_ex_reg.
  Optimizing cells in module \if_id_reg.
  Optimizing cells in module \mem_wb_reg.
  Optimizing cells in module \muldiv.
  Optimizing cells in module \regfile.
  Optimizing cells in module \soc_top.
Performed a total of 0 changes.

23.8.12. Executing OPT_MERGE pass (detect identical cells).
Finding identical cells in module `$paramod$66ed5c7c5398c9e4f923964ad0d3f2bb6d6bf8df\rv32_pipeline'.
Finding identical cells in module `$paramod$b8444ee5d410294404e4c3b3bbb6e8ef9e9ec507\imem'.
Finding identical cells in module `\alu'.
Finding identical cells in module `\alu_control'.
Finding identical cells in module `\control_unit'.
Finding identical cells in module `\csr_unit'.
<suppressed ~6 debug messages>
Finding identical cells in module `\decoder'.
Finding identical cells in module `\dmem'.
Finding identical cells in module `\ex_mem_reg'.
Finding identical cells in module `\forwarding_unit'.
Finding identical cells in module `\id_ex_reg'.
<suppressed ~63 debug messages>
Finding identical cells in module `\if_id_reg'.
<suppressed ~3 debug messages>
Finding identical cells in module `\mem_wb_reg'.
Finding identical cells in module `\muldiv'.
Finding identical cells in module `\regfile'.
Finding identical cells in module `\soc_top'.
Removed a total of 24 cells.

23.8.13. Executing OPT_DFF pass (perform DFF optimizations).

23.8.14. Executing OPT_CLEAN pass (remove unused cells and wires).
Finding unused cells or wires in module $paramod$66ed5c7c5398c9e4f923964ad0d3f2bb6d6bf8df\rv32_pipeline..
Finding unused cells or wires in module $paramod$b8444ee5d410294404e4c3b3bbb6e8ef9e9ec507\imem..
Finding unused cells or wires in module \alu..
Finding unused cells or wires in module \alu_control..
Finding unused cells or wires in module \control_unit..
Finding unused cells or wires in module \csr_unit..
Finding unused cells or wires in module \decoder..
Finding unused cells or wires in module \dmem..
Finding unused cells or wires in module \ex_mem_reg..
Finding unused cells or wires in module \forwarding_unit..
Finding unused cells or wires in module \id_ex_reg..
Finding unused cells or wires in module \if_id_reg..
Finding unused cells or wires in module \mem_wb_reg..
Finding unused cells or wires in module \muldiv..
Finding unused cells or wires in module \regfile..
Finding unused cells or wires in module \soc_top..
Removed 0 unused cells and 24 unused wires.
<suppressed ~3 debug messages>

23.8.15. Executing OPT_EXPR pass (perform const folding).
Optimizing module $paramod$66ed5c7c5398c9e4f923964ad0d3f2bb6d6bf8df\rv32_pipeline.
Optimizing module $paramod$b8444ee5d410294404e4c3b3bbb6e8ef9e9ec507\imem.
Optimizing module alu.
Optimizing module alu_control.
Optimizing module control_unit.
Optimizing module csr_unit.
Optimizing module decoder.
Optimizing module dmem.
Optimizing module ex_mem_reg.
Optimizing module forwarding_unit.
Optimizing module id_ex_reg.
Optimizing module if_id_reg.
Optimizing module mem_wb_reg.
Optimizing module muldiv.
Optimizing module regfile.
Optimizing module soc_top.

23.8.16. Rerunning OPT passes. (Maybe there is more to do..)

23.8.17. Executing OPT_MUXTREE pass (detect dead branches in mux trees).
Running muxtree optimizer on module $paramod$66ed5c7c5398c9e4f923964ad0d3f2bb6d6bf8df\rv32_pipeline..
  Creating internal representation of mux trees.
  Evaluating internal representation of mux trees.
  Analyzing evaluation results.
Running muxtree optimizer on module $paramod$b8444ee5d410294404e4c3b3bbb6e8ef9e9ec507\imem..
  Creating internal representation of mux trees.
  No muxes found in this module.
Running muxtree optimizer on module \alu..
  Creating internal representation of mux trees.
  Evaluating internal representation of mux trees.
  Analyzing evaluation results.
Running muxtree optimizer on module \alu_control..
  Creating internal representation of mux trees.
  Evaluating internal representation of mux trees.
  Analyzing evaluation results.
Running muxtree optimizer on module \control_unit..
  Creating internal representation of mux trees.
  Evaluating internal representation of mux trees.
  Analyzing evaluation results.
Running muxtree optimizer on module \csr_unit..
  Creating internal representation of mux trees.
  Evaluating internal representation of mux trees.
  Analyzing evaluation results.
Running muxtree optimizer on module \decoder..
  Creating internal representation of mux trees.
  No muxes found in this module.
Running muxtree optimizer on module \dmem..
  Creating internal representation of mux trees.
  Evaluating internal representation of mux trees.
  Analyzing evaluation results.
Running muxtree optimizer on module \ex_mem_reg..
  Creating internal representation of mux trees.
  Evaluating internal representation of mux trees.
  Analyzing evaluation results.
Running muxtree optimizer on module \forwarding_unit..
  Creating internal representation of mux trees.
  Evaluating internal representation of mux trees.
  Analyzing evaluation results.
Running muxtree optimizer on module \id_ex_reg..
  Creating internal representation of mux trees.
  Evaluating internal representation of mux trees.
  Analyzing evaluation results.
Running muxtree optimizer on module \if_id_reg..
  Creating internal representation of mux trees.
  Evaluating internal representation of mux trees.
  Analyzing evaluation results.
Running muxtree optimizer on module \mem_wb_reg..
  Creating internal representation of mux trees.
  No muxes found in this module.
Running muxtree optimizer on module \muldiv..
  Creating internal representation of mux trees.
  Evaluating internal representation of mux trees.
  Analyzing evaluation results.
Running muxtree optimizer on module \regfile..
  Creating internal representation of mux trees.
  Evaluating internal representation of mux trees.
  Analyzing evaluation results.
Running muxtree optimizer on module \soc_top..
  Creating internal representation of mux trees.
  No muxes found in this module.
Removed 0 multiplexer ports.
<suppressed ~74 debug messages>

23.8.18. Executing OPT_REDUCE pass (consolidate $*mux and $reduce_* inputs).
  Optimizing cells in module $paramod$66ed5c7c5398c9e4f923964ad0d3f2bb6d6bf8df\rv32_pipeline.
  Optimizing cells in module $paramod$b8444ee5d410294404e4c3b3bbb6e8ef9e9ec507\imem.
  Optimizing cells in module \alu.
  Optimizing cells in module \alu_control.
  Optimizing cells in module \control_unit.
  Optimizing cells in module \csr_unit.
  Optimizing cells in module \decoder.
  Optimizing cells in module \dmem.
  Optimizing cells in module \ex_mem_reg.
  Optimizing cells in module \forwarding_unit.
  Optimizing cells in module \id_ex_reg.
  Optimizing cells in module \if_id_reg.
  Optimizing cells in module \mem_wb_reg.
  Optimizing cells in module \muldiv.
  Optimizing cells in module \regfile.
  Optimizing cells in module \soc_top.
Performed a total of 0 changes.

23.8.19. Executing OPT_MERGE pass (detect identical cells).
Finding identical cells in module `$paramod$66ed5c7c5398c9e4f923964ad0d3f2bb6d6bf8df\rv32_pipeline'.
Finding identical cells in module `$paramod$b8444ee5d410294404e4c3b3bbb6e8ef9e9ec507\imem'.
Finding identical cells in module `\alu'.
Finding identical cells in module `\alu_control'.
Finding identical cells in module `\control_unit'.
Finding identical cells in module `\csr_unit'.
Finding identical cells in module `\decoder'.
Finding identical cells in module `\dmem'.
Finding identical cells in module `\ex_mem_reg'.
Finding identical cells in module `\forwarding_unit'.
Finding identical cells in module `\id_ex_reg'.
Finding identical cells in module `\if_id_reg'.
Finding identical cells in module `\mem_wb_reg'.
Finding identical cells in module `\muldiv'.
Finding identical cells in module `\regfile'.
Finding identical cells in module `\soc_top'.
Removed a total of 0 cells.

23.8.20. Executing OPT_DFF pass (perform DFF optimizations).

23.8.21. Executing OPT_CLEAN pass (remove unused cells and wires).
Finding unused cells or wires in module $paramod$66ed5c7c5398c9e4f923964ad0d3f2bb6d6bf8df\rv32_pipeline..
Finding unused cells or wires in module $paramod$b8444ee5d410294404e4c3b3bbb6e8ef9e9ec507\imem..
Finding unused cells or wires in module \alu..
Finding unused cells or wires in module \alu_control..
Finding unused cells or wires in module \control_unit..
Finding unused cells or wires in module \csr_unit..
Finding unused cells or wires in module \decoder..
Finding unused cells or wires in module \dmem..
Finding unused cells or wires in module \ex_mem_reg..
Finding unused cells or wires in module \forwarding_unit..
Finding unused cells or wires in module \id_ex_reg..
Finding unused cells or wires in module \if_id_reg..
Finding unused cells or wires in module \mem_wb_reg..
Finding unused cells or wires in module \muldiv..
Finding unused cells or wires in module \regfile..
Finding unused cells or wires in module \soc_top..

23.8.22. Executing OPT_EXPR pass (perform const folding).
Optimizing module $paramod$66ed5c7c5398c9e4f923964ad0d3f2bb6d6bf8df\rv32_pipeline.
Optimizing module $paramod$b8444ee5d410294404e4c3b3bbb6e8ef9e9ec507\imem.
Optimizing module alu.
Optimizing module alu_control.
Optimizing module control_unit.
Optimizing module csr_unit.
Optimizing module decoder.
Optimizing module dmem.
Optimizing module ex_mem_reg.
Optimizing module forwarding_unit.
Optimizing module id_ex_reg.
Optimizing module if_id_reg.
Optimizing module mem_wb_reg.
Optimizing module muldiv.
Optimizing module regfile.
Optimizing module soc_top.

23.8.23. Finished OPT passes. (There is nothing left to do.)

23.9. Executing WREDUCE pass (reducing word size of cells).
Removed top 1 bits (of 5) from port B of cell $paramod$66ed5c7c5398c9e4f923964ad0d3f2bb6d6bf8df\rv32_pipeline.$auto$opt_dff.cc:195:make_patterns_logic$15249 ($ne).
Removed top 2 bits (of 3) from port B of cell $paramod$66ed5c7c5398c9e4f923964ad0d3f2bb6d6bf8df\rv32_pipeline.$procmux$14615_CMP0 ($eq).
Removed top 29 bits (of 32) from port B of cell $paramod$66ed5c7c5398c9e4f923964ad0d3f2bb6d6bf8df\rv32_pipeline.$add$rtl/core/rv32_pipeline.v:16$14435 ($add).
Removed top 6 bits (of 7) from port B of cell $paramod$66ed5c7c5398c9e4f923964ad0d3f2bb6d6bf8df\rv32_pipeline.$eq$rtl/core/rv32_pipeline.v:81$14437 ($eq).
Removed top 3 bits (of 7) from port B of cell $paramod$66ed5c7c5398c9e4f923964ad0d3f2bb6d6bf8df\rv32_pipeline.$eq$rtl/core/rv32_pipeline.v:243$14451 ($eq).
Removed top 1 bits (of 3) from port B of cell $paramod$66ed5c7c5398c9e4f923964ad0d3f2bb6d6bf8df\rv32_pipeline.$eq$rtl/core/rv32_pipeline.v:243$14452 ($eq).
Removed top 2 bits (of 7) from port B of cell $paramod$66ed5c7c5398c9e4f923964ad0d3f2bb6d6bf8df\rv32_pipeline.$eq$rtl/core/rv32_pipeline.v:246$14456 ($eq).
Removed top 5 bits (of 7) from port B of cell $paramod$66ed5c7c5398c9e4f923964ad0d3f2bb6d6bf8df\rv32_pipeline.$eq$rtl/core/rv32_pipeline.v:247$14457 ($eq).
Removed top 1 bits (of 7) from port B of cell $paramod$66ed5c7c5398c9e4f923964ad0d3f2bb6d6bf8df\rv32_pipeline.$eq$rtl/core/rv32_pipeline.v:248$14458 ($eq).
Removed top 1 bits (of 7) from port B of cell $paramod$66ed5c7c5398c9e4f923964ad0d3f2bb6d6bf8df\rv32_pipeline.$eq$rtl/core/rv32_pipeline.v:250$14460 ($eq).
Removed top 2 bits (of 7) from port B of cell $paramod$66ed5c7c5398c9e4f923964ad0d3f2bb6d6bf8df\rv32_pipeline.$eq$rtl/core/rv32_pipeline.v:251$14461 ($eq).
Removed top 1 bits (of 7) from port B of cell $paramod$66ed5c7c5398c9e4f923964ad0d3f2bb6d6bf8df\rv32_pipeline.$ne$rtl/core/rv32_pipeline.v:267$14475 ($ne).
Removed top 2 bits (of 7) from port B of cell $paramod$66ed5c7c5398c9e4f923964ad0d3f2bb6d6bf8df\rv32_pipeline.$ne$rtl/core/rv32_pipeline.v:267$14477 ($ne).
Removed top 1 bits (of 2) from port B of cell $paramod$66ed5c7c5398c9e4f923964ad0d3f2bb6d6bf8df\rv32_pipeline.$eq$rtl/core/rv32_pipeline.v:363$14514 ($eq).
Removed top 1 bits (of 2) from port B of cell $paramod$66ed5c7c5398c9e4f923964ad0d3f2bb6d6bf8df\rv32_pipeline.$eq$rtl/core/rv32_pipeline.v:367$14518 ($eq).
Removed top 2 bits (of 12) from port B of cell $paramod$66ed5c7c5398c9e4f923964ad0d3f2bb6d6bf8df\rv32_pipeline.$eq$rtl/core/rv32_pipeline.v:392$14532 ($eq).
Removed top 1 bits (of 7) from port B of cell $paramod$66ed5c7c5398c9e4f923964ad0d3f2bb6d6bf8df\rv32_pipeline.$eq$rtl/core/rv32_pipeline.v:394$14534 ($eq).
Removed top 2 bits (of 7) from port B of cell $paramod$66ed5c7c5398c9e4f923964ad0d3f2bb6d6bf8df\rv32_pipeline.$eq$rtl/core/rv32_pipeline.v:394$14535 ($eq).
Removed top 5 bits (of 7) from port B of cell $paramod$66ed5c7c5398c9e4f923964ad0d3f2bb6d6bf8df\rv32_pipeline.$eq$rtl/core/rv32_pipeline.v:396$14543 ($eq).
Removed top 1 bits (of 7) from port B of cell $paramod$66ed5c7c5398c9e4f923964ad0d3f2bb6d6bf8df\rv32_pipeline.$eq$rtl/core/rv32_pipeline.v:397$14545 ($eq).
Removed top 2 bits (of 7) from port B of cell $paramod$66ed5c7c5398c9e4f923964ad0d3f2bb6d6bf8df\rv32_pipeline.$eq$rtl/core/rv32_pipeline.v:397$14547 ($eq).
Removed top 1 bits (of 7) from port B of cell $paramod$66ed5c7c5398c9e4f923964ad0d3f2bb6d6bf8df\rv32_pipeline.$eq$rtl/core/rv32_pipeline.v:398$14549 ($eq).
Removed top 3 bits (of 7) from port B of cell $paramod$66ed5c7c5398c9e4f923964ad0d3f2bb6d6bf8df\rv32_pipeline.$eq$rtl/core/rv32_pipeline.v:399$14553 ($eq).
Removed top 2 bits (of 12) from port B of cell $paramod$66ed5c7c5398c9e4f923964ad0d3f2bb6d6bf8df\rv32_pipeline.$ne$rtl/core/rv32_pipeline.v:403$14560 ($ne).
Removed top 28 bits (of 32) from mux cell $paramod$66ed5c7c5398c9e4f923964ad0d3f2bb6d6bf8df\rv32_pipeline.$ternary$rtl/core/rv32_pipeline.v:406$14564 ($mux).
Removed top 1 bits (of 2) from port B of cell $paramod$66ed5c7c5398c9e4f923964ad0d3f2bb6d6bf8df\rv32_pipeline.$eq$rtl/core/rv32_pipeline.v:422$14572 ($eq).
Removed top 29 bits (of 32) from port B of cell $paramod$66ed5c7c5398c9e4f923964ad0d3f2bb6d6bf8df\rv32_pipeline.$add$rtl/core/rv32_pipeline.v:443$14584 ($add).
Removed top 28 bits (of 32) from wire $paramod$66ed5c7c5398c9e4f923964ad0d3f2bb6d6bf8df\rv32_pipeline.ex_trap_cause.
Removed top 31 bits (of 32) from mux cell alu.$ternary$rtl/core/alu.v:33$34 ($mux).
Removed top 31 bits (of 32) from mux cell alu.$ternary$rtl/core/alu.v:34$36 ($mux).
Removed top 3 bits (of 4) from port B of cell alu.$procmux$14959_CMP0 ($eq).
Removed top 2 bits (of 4) from port B of cell alu.$procmux$14958_CMP0 ($eq).
Removed top 2 bits (of 4) from port B of cell alu.$procmux$14957_CMP0 ($eq).
Removed top 1 bits (of 4) from port B of cell alu.$procmux$14956_CMP0 ($eq).
Removed top 1 bits (of 4) from port B of cell alu.$procmux$14955_CMP0 ($eq).
Removed top 1 bits (of 4) from port B of cell alu.$procmux$14954_CMP0 ($eq).
Removed top 1 bits (of 4) from port B of cell alu.$procmux$14953_CMP0 ($eq).
Removed top 31 bits (of 32) from wire alu.$ternary$rtl/core/alu.v:33$34_Y.
Removed top 31 bits (of 32) from wire alu.$ternary$rtl/core/alu.v:34$36_Y.
Removed top 3 bits (of 4) from mux cell alu_control.$ternary$rtl/core/alu_control.v:33$38 ($mux).
Removed top 3 bits (of 4) from mux cell alu_control.$ternary$rtl/core/alu_control.v:39$39 ($mux).
Removed top 1 bits (of 2) from port B of cell alu_control.$procmux$14931_CMP0 ($eq).
Removed top 1 bits (of 3) from port B of cell alu_control.$procmux$14927_CMP0 ($eq).
Removed top 1 bits (of 3) from port B of cell alu_control.$procmux$14926_CMP0 ($eq).
Removed top 2 bits (of 3) from port B of cell alu_control.$procmux$14922_CMP0 ($eq).
Removed top 3 bits (of 4) from wire alu_control.$ternary$rtl/core/alu_control.v:33$38_Y.
Removed top 3 bits (of 4) from wire alu_control.$ternary$rtl/core/alu_control.v:39$39_Y.
Removed top 2 bits (of 7) from port B of cell control_unit.$procmux$14876_CMP0 ($eq).
Removed top 5 bits (of 7) from port B of cell control_unit.$procmux$14875_CMP0 ($eq).
Removed top 1 bits (of 7) from port B of cell control_unit.$procmux$14874_CMP0 ($eq).
Removed top 1 bits (of 7) from port B of cell control_unit.$procmux$14851_CMP0 ($eq).
Removed top 2 bits (of 7) from port B of cell control_unit.$procmux$14847_CMP0 ($eq).
Removed top 1 bits (of 7) from port B of cell control_unit.$procmux$14911_CMP0 ($eq).
Removed top 63 bits (of 64) from port B of cell csr_unit.$add$rtl/core/csr_unit.v:32$89 ($add).
Removed top 63 bits (of 64) from port B of cell csr_unit.$add$rtl/core/csr_unit.v:34$90 ($add).
Removed top 2 bits (of 12) from port B of cell csr_unit.$eq$rtl/core/csr_unit.v:58$95 ($eq).
Removed top 2 bits (of 12) from port B of cell csr_unit.$eq$rtl/core/csr_unit.v:59$96 ($eq).
Removed top 2 bits (of 12) from port B of cell csr_unit.$eq$rtl/core/csr_unit.v:60$97 ($eq).
Removed top 2 bits (of 12) from port B of cell csr_unit.$eq$rtl/core/csr_unit.v:61$98 ($eq).
Removed top 1 bits (of 12) from port B of cell csr_unit.$eq$rtl/core/csr_unit.v:62$99 ($eq).
Removed top 2 bits (of 3) from port B of cell csr_unit.$auto$opt_dff.cc:195:make_patterns_logic$15259 ($ne).
Removed top 2 bits (of 12) from port B of cell csr_unit.$procmux$14654_CMP0 ($eq).
Removed top 2 bits (of 12) from port B of cell csr_unit.$procmux$14644_CMP0 ($eq).
Removed top 2 bits (of 12) from port B of cell csr_unit.$procmux$14635_CMP0 ($eq).
Removed top 2 bits (of 12) from port B of cell csr_unit.$procmux$14627_CMP0 ($eq).
Removed top 2 bits (of 3) from port B of cell csr_unit.$auto$opt_dff.cc:195:make_patterns_logic$15266 ($ne).
Removed top 1 bits (of 2) from port B of cell dmem.$procmux$14606_CMP0 ($eq).
Removed top 3 bits (of 4) from port A of cell dmem.$shl$rtl/soc/dmem_macro_ss.v:16$14427 ($shl).
Removed top 2 bits (of 4) from port A of cell dmem.$shl$rtl/soc/dmem_macro_ss.v:17$14429 ($shl).
Removed top 1 bits (of 2) from mux cell forwarding_unit.$procmux$14681 ($mux).
Removed top 1 bits (of 2) from mux cell forwarding_unit.$procmux$14672 ($mux).
Removed top 1 bits (of 2) from wire forwarding_unit.$2\forward_a[1:0].
Removed top 1 bits (of 2) from wire forwarding_unit.$2\forward_b[1:0].
Removed top 1 bits (of 2) from port B of cell id_ex_reg.$auto$opt_dff.cc:195:make_patterns_logic$15277 ($ne).
Removed top 1 bits (of 2) from port B of cell if_id_reg.$auto$opt_dff.cc:195:make_patterns_logic$15343 ($ne).
Converting cell muldiv.$mul$rtl/core/muldiv.v:10$69 ($mul) from unsigned to signed.
Removed top 32 bits (of 64) from port A of cell muldiv.$mul$rtl/core/muldiv.v:10$69 ($mul).
Removed top 32 bits (of 64) from port B of cell muldiv.$mul$rtl/core/muldiv.v:10$69 ($mul).
Converting cell muldiv.$mul$rtl/core/muldiv.v:11$70 ($mul) from unsigned to signed.
Removed top 33 bits (of 65) from port A of cell muldiv.$mul$rtl/core/muldiv.v:11$70 ($mul).
Removed top 32 bits (of 65) from port B of cell muldiv.$mul$rtl/core/muldiv.v:11$70 ($mul).
Removed top 1 bits (of 65) from port Y of cell muldiv.$mul$rtl/core/muldiv.v:11$70 ($mul).
Removed top 32 bits (of 64) from port A of cell muldiv.$mul$rtl/core/muldiv.v:12$71 ($mul).
Removed top 32 bits (of 64) from port B of cell muldiv.$mul$rtl/core/muldiv.v:12$71 ($mul).
Removed top 2 bits (of 3) from port B of cell muldiv.$procmux$14669_CMP0 ($eq).
Removed top 1 bits (of 3) from port B of cell muldiv.$procmux$14668_CMP0 ($eq).
Removed top 1 bits (of 3) from port B of cell muldiv.$procmux$14667_CMP0 ($eq).
Removed top 1 bits (of 65) from wire muldiv.hsu_prod.

23.10. Executing PEEPOPT pass (run peephole optimizers).

23.11. Executing OPT_CLEAN pass (remove unused cells and wires).
Finding unused cells or wires in module $paramod$66ed5c7c5398c9e4f923964ad0d3f2bb6d6bf8df\rv32_pipeline..
Finding unused cells or wires in module $paramod$b8444ee5d410294404e4c3b3bbb6e8ef9e9ec507\imem..
Finding unused cells or wires in module \alu..
Finding unused cells or wires in module \alu_control..
Finding unused cells or wires in module \control_unit..
Finding unused cells or wires in module \csr_unit..
Finding unused cells or wires in module \decoder..
Finding unused cells or wires in module \dmem..
Finding unused cells or wires in module \ex_mem_reg..
Finding unused cells or wires in module \forwarding_unit..
Finding unused cells or wires in module \id_ex_reg..
Finding unused cells or wires in module \if_id_reg..
Finding unused cells or wires in module \mem_wb_reg..
Finding unused cells or wires in module \muldiv..
Finding unused cells or wires in module \regfile..
Finding unused cells or wires in module \soc_top..
Removed 0 unused cells and 8 unused wires.
<suppressed ~5 debug messages>

23.12. Executing ALUMACC pass (create $alu and $macc cells).
Extracting $alu and $macc cells in module $paramod$66ed5c7c5398c9e4f923964ad0d3f2bb6d6bf8df\rv32_pipeline:
  creating $macc model for $add$rtl/core/rv32_pipeline.v:16$14435 ($add).
  creating $macc model for $add$rtl/core/rv32_pipeline.v:443$14584 ($add).
  creating $macc model for $add$rtl/core/rv32_pipeline.v:464$14596 ($add).
  creating $macc model for $add$rtl/core/rv32_pipeline.v:465$14597 ($add).
  creating $alu model for $macc $add$rtl/core/rv32_pipeline.v:465$14597.
  creating $alu model for $macc $add$rtl/core/rv32_pipeline.v:464$14596.
  creating $alu model for $macc $add$rtl/core/rv32_pipeline.v:443$14584.
  creating $alu model for $macc $add$rtl/core/rv32_pipeline.v:16$14435.
  creating $alu model for $ge$rtl/core/rv32_pipeline.v:455$14593 ($ge): new $alu
  creating $alu model for $ge$rtl/core/rv32_pipeline.v:457$14595 ($ge): new $alu
  creating $alu model for $lt$rtl/core/rv32_pipeline.v:454$14592 ($lt): merged with $ge$rtl/core/rv32_pipeline.v:455$14593.
  creating $alu model for $lt$rtl/core/rv32_pipeline.v:456$14594 ($lt): merged with $ge$rtl/core/rv32_pipeline.v:457$14595.
  creating $alu model for $eq$rtl/core/rv32_pipeline.v:452$14590 ($eq): merged with $ge$rtl/core/rv32_pipeline.v:457$14595.
  creating $alu model for $ne$rtl/core/rv32_pipeline.v:453$14591 ($ne): merged with $ge$rtl/core/rv32_pipeline.v:457$14595.
  creating $alu cell for $ge$rtl/core/rv32_pipeline.v:457$14595, $lt$rtl/core/rv32_pipeline.v:456$14594, $eq$rtl/core/rv32_pipeline.v:452$14590, $ne$rtl/core/rv32_pipeline.v:453$14591: $auto$alumacc.cc:495:replace_alu$15357
  creating $alu cell for $ge$rtl/core/rv32_pipeline.v:455$14593, $lt$rtl/core/rv32_pipeline.v:454$14592: $auto$alumacc.cc:495:replace_alu$15372
  creating $alu cell for $add$rtl/core/rv32_pipeline.v:16$14435: $auto$alumacc.cc:495:replace_alu$15387
  creating $alu cell for $add$rtl/core/rv32_pipeline.v:443$14584: $auto$alumacc.cc:495:replace_alu$15390
  creating $alu cell for $add$rtl/core/rv32_pipeline.v:464$14596: $auto$alumacc.cc:495:replace_alu$15393
  creating $alu cell for $add$rtl/core/rv32_pipeline.v:465$14597: $auto$alumacc.cc:495:replace_alu$15396
  created 6 $alu and 0 $macc cells.
Extracting $alu and $macc cells in module $paramod$b8444ee5d410294404e4c3b3bbb6e8ef9e9ec507\imem:
  created 0 $alu and 0 $macc cells.
Extracting $alu and $macc cells in module alu:
  creating $macc model for $add$rtl/core/alu.v:25$25 ($add).
  creating $macc model for $sub$rtl/core/alu.v:26$26 ($sub).
  creating $alu model for $macc $sub$rtl/core/alu.v:26$26.
  creating $alu model for $macc $add$rtl/core/alu.v:25$25.
  creating $alu model for $lt$rtl/core/alu.v:33$33 ($lt): new $alu
  creating $alu model for $lt$rtl/core/alu.v:34$35 ($lt): merged with $sub$rtl/core/alu.v:26$26.
  creating $alu cell for $add$rtl/core/alu.v:25$25: $auto$alumacc.cc:495:replace_alu$15400
  creating $alu cell for $lt$rtl/core/alu.v:33$33: $auto$alumacc.cc:495:replace_alu$15403
  creating $alu cell for $sub$rtl/core/alu.v:26$26, $lt$rtl/core/alu.v:34$35: $auto$alumacc.cc:495:replace_alu$15410
  created 3 $alu and 0 $macc cells.
Extracting $alu and $macc cells in module alu_control:
  created 0 $alu and 0 $macc cells.
Extracting $alu and $macc cells in module control_unit:
  created 0 $alu and 0 $macc cells.
Extracting $alu and $macc cells in module csr_unit:
  creating $macc model for $add$rtl/core/csr_unit.v:32$89 ($add).
  creating $macc model for $add$rtl/core/csr_unit.v:34$90 ($add).
  creating $alu model for $macc $add$rtl/core/csr_unit.v:34$90.
  creating $alu model for $macc $add$rtl/core/csr_unit.v:32$89.
  creating $alu cell for $add$rtl/core/csr_unit.v:32$89: $auto$alumacc.cc:495:replace_alu$15415
  creating $alu cell for $add$rtl/core/csr_unit.v:34$90: $auto$alumacc.cc:495:replace_alu$15418
  created 2 $alu and 0 $macc cells.
Extracting $alu and $macc cells in module decoder:
  created 0 $alu and 0 $macc cells.
Extracting $alu and $macc cells in module dmem:
  created 0 $alu and 0 $macc cells.
Extracting $alu and $macc cells in module ex_mem_reg:
  created 0 $alu and 0 $macc cells.
Extracting $alu and $macc cells in module forwarding_unit:
  created 0 $alu and 0 $macc cells.
Extracting $alu and $macc cells in module id_ex_reg:
  created 0 $alu and 0 $macc cells.
Extracting $alu and $macc cells in module if_id_reg:
  created 0 $alu and 0 $macc cells.
Extracting $alu and $macc cells in module mem_wb_reg:
  created 0 $alu and 0 $macc cells.
Extracting $alu and $macc cells in module muldiv:
  creating $macc model for $mul$rtl/core/muldiv.v:10$69 ($mul).
  creating $macc model for $mul$rtl/core/muldiv.v:11$70 ($mul).
  creating $macc model for $mul$rtl/core/muldiv.v:12$71 ($mul).
  creating $macc cell for $mul$rtl/core/muldiv.v:12$71: $auto$alumacc.cc:365:replace_macc$15421
  creating $macc cell for $mul$rtl/core/muldiv.v:11$70: $auto$alumacc.cc:365:replace_macc$15422
  creating $macc cell for $mul$rtl/core/muldiv.v:10$69: $auto$alumacc.cc:365:replace_macc$15423
  created 0 $alu and 3 $macc cells.
Extracting $alu and $macc cells in module regfile:
  created 0 $alu and 0 $macc cells.
Extracting $alu and $macc cells in module soc_top:
  created 0 $alu and 0 $macc cells.

23.13. Executing SHARE pass (SAT-based resource sharing).
Found 3 cells in module alu that may be considered for resource sharing.
  Analyzing resource sharing options for $sshr$rtl/core/alu.v:32$32 ($sshr):
    Found 1 activation_patterns using ctrl signal $procmux$14953_CMP.
    No candidates found.
  Analyzing resource sharing options for $shr$rtl/core/alu.v:31$31 ($shr):
    Found 1 activation_patterns using ctrl signal $procmux$14954_CMP.
    No candidates found.
  Analyzing resource sharing options for $shl$rtl/core/alu.v:30$30 ($shl):
    Found 1 activation_patterns using ctrl signal $procmux$14955_CMP.
    No candidates found.
Found 4 cells in module muldiv that may be considered for resource sharing.
  Analyzing resource sharing options for $mod$rtl/core/muldiv.v:36$85 ($mod):
    Found 1 activation_patterns using ctrl signal { $procmux$14663_CMP \div_by_zero }.
    Found 1 candidates: $mod$rtl/core/muldiv.v:21$77
    Analyzing resource sharing with $mod$rtl/core/muldiv.v:21$77 ($mod):
      Found 1 activation_patterns using ctrl signal { $procmux$14664_CMP \overflow \div_by_zero }.
      Activation pattern for cell $mod$rtl/core/muldiv.v:36$85: { $procmux$14663_CMP \div_by_zero } = 2'10
      Activation pattern for cell $mod$rtl/core/muldiv.v:21$77: { $procmux$14664_CMP \overflow \div_by_zero } = 3'100
      Size of SAT problem: 6 cells, 249 variables, 625 clauses
      According to the SAT solver this pair of cells can be shared.
      Activation signal for $mod$rtl/core/muldiv.v:36$85: $auto$share.cc:1005:make_cell_activation_logic$15424
      New cell: $auto$share.cc:669:make_supercell$15431 ($mod)
  Analyzing resource sharing options for $auto$share.cc:669:make_supercell$15431 ($mod):
    Found 2 activation_patterns using ctrl signal { $procmux$14663_CMP $procmux$14664_CMP \overflow \div_by_zero }.
    No candidates found.
  Analyzing resource sharing options for $div$rtl/core/muldiv.v:32$81 ($div):
    Found 1 activation_patterns using ctrl signal { $procmux$14665_CMP \div_by_zero }.
    Found 1 candidates: $div$rtl/core/muldiv.v:20$76
    Analyzing resource sharing with $div$rtl/core/muldiv.v:20$76 ($div):
      Found 1 activation_patterns using ctrl signal { $procmux$14666_CMP \overflow \div_by_zero }.
      Activation pattern for cell $div$rtl/core/muldiv.v:32$81: { $procmux$14665_CMP \div_by_zero } = 2'10
      Activation pattern for cell $div$rtl/core/muldiv.v:20$76: { $procmux$14666_CMP \overflow \div_by_zero } = 3'100
      Size of SAT problem: 6 cells, 249 variables, 625 clauses
      According to the SAT solver this pair of cells can be shared.
      Activation signal for $div$rtl/core/muldiv.v:32$81: $auto$share.cc:1005:make_cell_activation_logic$15434
      New cell: $auto$share.cc:669:make_supercell$15441 ($div)
  Analyzing resource sharing options for $auto$share.cc:669:make_supercell$15441 ($div):
    Found 2 activation_patterns using ctrl signal { $procmux$14665_CMP $procmux$14666_CMP \overflow \div_by_zero }.
    No candidates found.
Removing 4 cells in module muldiv:
  Removing cell $div$rtl/core/muldiv.v:20$76 ($div).
  Removing cell $div$rtl/core/muldiv.v:32$81 ($div).
  Removing cell $mod$rtl/core/muldiv.v:21$77 ($mod).
  Removing cell $mod$rtl/core/muldiv.v:36$85 ($mod).
Found 2 cells in module regfile that may be considered for resource sharing.
  Analyzing resource sharing options for $memrd$\regs$rtl/core/regfile.v:20$11 ($memrd):
    Found 1 activation_patterns using ctrl signal { $logic_and$rtl/core/regfile.v:20$10_Y $eq$rtl/core/regfile.v:19$8_Y }.
    Found 1 candidates: $memrd$\regs$rtl/core/regfile.v:18$5
    Analyzing resource sharing with $memrd$\regs$rtl/core/regfile.v:18$5 ($memrd):
      Found 1 activation_patterns using ctrl signal { $logic_and$rtl/core/regfile.v:18$4_Y $eq$rtl/core/regfile.v:17$2_Y }.
      Activation pattern for cell $memrd$\regs$rtl/core/regfile.v:20$11: { $logic_and$rtl/core/regfile.v:20$10_Y $eq$rtl/core/regfile.v:19$8_Y } = 2'00
      Activation pattern for cell $memrd$\regs$rtl/core/regfile.v:18$5: { $logic_and$rtl/core/regfile.v:18$4_Y $eq$rtl/core/regfile.v:17$2_Y } = 2'00
      Size of SAT problem: 6 cells, 91 variables, 223 clauses
      According to the SAT solver this pair of cells can not be shared.
      Model from SAT solver: { $logic_and$rtl/core/regfile.v:20$10_Y $eq$rtl/core/regfile.v:19$8_Y $logic_and$rtl/core/regfile.v:18$4_Y $eq$rtl/core/regfile.v:17$2_Y } = 4'0000
  Analyzing resource sharing options for $memrd$\regs$rtl/core/regfile.v:18$5 ($memrd):
    Found 1 activation_patterns using ctrl signal { $logic_and$rtl/core/regfile.v:18$4_Y $eq$rtl/core/regfile.v:17$2_Y }.
    No candidates found.

23.14. Executing OPT pass (performing simple optimizations).

23.14.1. Executing OPT_EXPR pass (perform const folding).
Optimizing module $paramod$66ed5c7c5398c9e4f923964ad0d3f2bb6d6bf8df\rv32_pipeline.
Optimizing module $paramod$b8444ee5d410294404e4c3b3bbb6e8ef9e9ec507\imem.
Optimizing module alu.
<suppressed ~1 debug messages>
Optimizing module alu_control.
Optimizing module control_unit.
Optimizing module csr_unit.
Optimizing module decoder.
Optimizing module dmem.
Optimizing module ex_mem_reg.
Optimizing module forwarding_unit.
Optimizing module id_ex_reg.
Optimizing module if_id_reg.
Optimizing module mem_wb_reg.
Optimizing module muldiv.
Optimizing module regfile.
Optimizing module soc_top.

23.14.2. Executing OPT_MERGE pass (detect identical cells).
Finding identical cells in module `$paramod$66ed5c7c5398c9e4f923964ad0d3f2bb6d6bf8df\rv32_pipeline'.
Finding identical cells in module `$paramod$b8444ee5d410294404e4c3b3bbb6e8ef9e9ec507\imem'.
Finding identical cells in module `\alu'.
Finding identical cells in module `\alu_control'.
Finding identical cells in module `\control_unit'.
Finding identical cells in module `\csr_unit'.
Finding identical cells in module `\decoder'.
Finding identical cells in module `\dmem'.
Finding identical cells in module `\ex_mem_reg'.
Finding identical cells in module `\forwarding_unit'.
Finding identical cells in module `\id_ex_reg'.
Finding identical cells in module `\if_id_reg'.
Finding identical cells in module `\mem_wb_reg'.
Finding identical cells in module `\muldiv'.
<suppressed ~6 debug messages>
Finding identical cells in module `\regfile'.
Finding identical cells in module `\soc_top'.
Removed a total of 2 cells.

23.14.3. Executing OPT_MUXTREE pass (detect dead branches in mux trees).
Running muxtree optimizer on module $paramod$66ed5c7c5398c9e4f923964ad0d3f2bb6d6bf8df\rv32_pipeline..
  Creating internal representation of mux trees.
  Evaluating internal representation of mux trees.
  Analyzing evaluation results.
Running muxtree optimizer on module $paramod$b8444ee5d410294404e4c3b3bbb6e8ef9e9ec507\imem..
  Creating internal representation of mux trees.
  No muxes found in this module.
Running muxtree optimizer on module \alu..
  Creating internal representation of mux trees.
  Evaluating internal representation of mux trees.
  Analyzing evaluation results.
Running muxtree optimizer on module \alu_control..
  Creating internal representation of mux trees.
  Evaluating internal representation of mux trees.
  Analyzing evaluation results.
Running muxtree optimizer on module \control_unit..
  Creating internal representation of mux trees.
  Evaluating internal representation of mux trees.
  Analyzing evaluation results.
Running muxtree optimizer on module \csr_unit..
  Creating internal representation of mux trees.
  Evaluating internal representation of mux trees.
  Analyzing evaluation results.
Running muxtree optimizer on module \decoder..
  Creating internal representation of mux trees.
  No muxes found in this module.
Running muxtree optimizer on module \dmem..
  Creating internal representation of mux trees.
  Evaluating internal representation of mux trees.
  Analyzing evaluation results.
Running muxtree optimizer on module \ex_mem_reg..
  Creating internal representation of mux trees.
  Evaluating internal representation of mux trees.
  Analyzing evaluation results.
Running muxtree optimizer on module \forwarding_unit..
  Creating internal representation of mux trees.
  Evaluating internal representation of mux trees.
  Analyzing evaluation results.
Running muxtree optimizer on module \id_ex_reg..
  Creating internal representation of mux trees.
  Evaluating internal representation of mux trees.
  Analyzing evaluation results.
Running muxtree optimizer on module \if_id_reg..
  Creating internal representation of mux trees.
  Evaluating internal representation of mux trees.
  Analyzing evaluation results.
Running muxtree optimizer on module \mem_wb_reg..
  Creating internal representation of mux trees.
  No muxes found in this module.
Running muxtree optimizer on module \muldiv..
  Creating internal representation of mux trees.
  Evaluating internal representation of mux trees.
  Analyzing evaluation results.
Running muxtree optimizer on module \regfile..
  Creating internal representation of mux trees.
  Evaluating internal representation of mux trees.
  Analyzing evaluation results.
Running muxtree optimizer on module \soc_top..
  Creating internal representation of mux trees.
  No muxes found in this module.
Removed 0 multiplexer ports.
<suppressed ~78 debug messages>

23.14.4. Executing OPT_REDUCE pass (consolidate $*mux and $reduce_* inputs).
  Optimizing cells in module $paramod$66ed5c7c5398c9e4f923964ad0d3f2bb6d6bf8df\rv32_pipeline.
  Optimizing cells in module $paramod$b8444ee5d410294404e4c3b3bbb6e8ef9e9ec507\imem.
  Optimizing cells in module \alu.
  Optimizing cells in module \alu_control.
  Optimizing cells in module \control_unit.
  Optimizing cells in module \csr_unit.
  Optimizing cells in module \decoder.
  Optimizing cells in module \dmem.
  Optimizing cells in module \ex_mem_reg.
  Optimizing cells in module \forwarding_unit.
  Optimizing cells in module \id_ex_reg.
  Optimizing cells in module \if_id_reg.
  Optimizing cells in module \mem_wb_reg.
  Optimizing cells in module \muldiv.
  Optimizing cells in module \regfile.
  Optimizing cells in module \soc_top.
Performed a total of 0 changes.

23.14.5. Executing OPT_MERGE pass (detect identical cells).
Finding identical cells in module `$paramod$66ed5c7c5398c9e4f923964ad0d3f2bb6d6bf8df\rv32_pipeline'.
Finding identical cells in module `$paramod$b8444ee5d410294404e4c3b3bbb6e8ef9e9ec507\imem'.
Finding identical cells in module `\alu'.
Finding identical cells in module `\alu_control'.
<suppressed ~3 debug messages>
Finding identical cells in module `\control_unit'.
Finding identical cells in module `\csr_unit'.
Finding identical cells in module `\decoder'.
Finding identical cells in module `\dmem'.
Finding identical cells in module `\ex_mem_reg'.
Finding identical cells in module `\forwarding_unit'.
Finding identical cells in module `\id_ex_reg'.
Finding identical cells in module `\if_id_reg'.
Finding identical cells in module `\mem_wb_reg'.
Finding identical cells in module `\muldiv'.
Finding identical cells in module `\regfile'.
Finding identical cells in module `\soc_top'.
Removed a total of 1 cells.

23.14.6. Executing OPT_DFF pass (perform DFF optimizations).

23.14.7. Executing OPT_CLEAN pass (remove unused cells and wires).
Finding unused cells or wires in module $paramod$66ed5c7c5398c9e4f923964ad0d3f2bb6d6bf8df\rv32_pipeline..
Finding unused cells or wires in module $paramod$b8444ee5d410294404e4c3b3bbb6e8ef9e9ec507\imem..
Finding unused cells or wires in module \alu..
Finding unused cells or wires in module \alu_control..
Finding unused cells or wires in module \control_unit..
Finding unused cells or wires in module \csr_unit..
Finding unused cells or wires in module \decoder..
Finding unused cells or wires in module \dmem..
Finding unused cells or wires in module \ex_mem_reg..
Finding unused cells or wires in module \forwarding_unit..
Finding unused cells or wires in module \id_ex_reg..
Finding unused cells or wires in module \if_id_reg..
Finding unused cells or wires in module \mem_wb_reg..
Finding unused cells or wires in module \muldiv..
Finding unused cells or wires in module \regfile..
Finding unused cells or wires in module \soc_top..
Removed 1 unused cells and 14 unused wires.
<suppressed ~7 debug messages>

23.14.8. Executing OPT_EXPR pass (perform const folding).
Optimizing module $paramod$66ed5c7c5398c9e4f923964ad0d3f2bb6d6bf8df\rv32_pipeline.
Optimizing module $paramod$b8444ee5d410294404e4c3b3bbb6e8ef9e9ec507\imem.
Optimizing module alu.
Optimizing module alu_control.
Optimizing module control_unit.
Optimizing module csr_unit.
Optimizing module decoder.
Optimizing module dmem.
Optimizing module ex_mem_reg.
Optimizing module forwarding_unit.
Optimizing module id_ex_reg.
Optimizing module if_id_reg.
Optimizing module mem_wb_reg.
Optimizing module muldiv.
Optimizing module regfile.
Optimizing module soc_top.

23.14.9. Rerunning OPT passes. (Maybe there is more to do..)

23.14.10. Executing OPT_MUXTREE pass (detect dead branches in mux trees).
Running muxtree optimizer on module $paramod$66ed5c7c5398c9e4f923964ad0d3f2bb6d6bf8df\rv32_pipeline..
  Creating internal representation of mux trees.
  Evaluating internal representation of mux trees.
  Analyzing evaluation results.
Running muxtree optimizer on module $paramod$b8444ee5d410294404e4c3b3bbb6e8ef9e9ec507\imem..
  Creating internal representation of mux trees.
  No muxes found in this module.
Running muxtree optimizer on module \alu..
  Creating internal representation of mux trees.
  Evaluating internal representation of mux trees.
  Analyzing evaluation results.
Running muxtree optimizer on module \alu_control..
  Creating internal representation of mux trees.
  Evaluating internal representation of mux trees.
  Analyzing evaluation results.
Running muxtree optimizer on module \control_unit..
  Creating internal representation of mux trees.
  Evaluating internal representation of mux trees.
  Analyzing evaluation results.
Running muxtree optimizer on module \csr_unit..
  Creating internal representation of mux trees.
  Evaluating internal representation of mux trees.
  Analyzing evaluation results.
Running muxtree optimizer on module \decoder..
  Creating internal representation of mux trees.
  No muxes found in this module.
Running muxtree optimizer on module \dmem..
  Creating internal representation of mux trees.
  Evaluating internal representation of mux trees.
  Analyzing evaluation results.
Running muxtree optimizer on module \ex_mem_reg..
  Creating internal representation of mux trees.
  Evaluating internal representation of mux trees.
  Analyzing evaluation results.
Running muxtree optimizer on module \forwarding_unit..
  Creating internal representation of mux trees.
  Evaluating internal representation of mux trees.
  Analyzing evaluation results.
Running muxtree optimizer on module \id_ex_reg..
  Creating internal representation of mux trees.
  Evaluating internal representation of mux trees.
  Analyzing evaluation results.
Running muxtree optimizer on module \if_id_reg..
  Creating internal representation of mux trees.
  Evaluating internal representation of mux trees.
  Analyzing evaluation results.
Running muxtree optimizer on module \mem_wb_reg..
  Creating internal representation of mux trees.
  No muxes found in this module.
Running muxtree optimizer on module \muldiv..
  Creating internal representation of mux trees.
  Evaluating internal representation of mux trees.
  Analyzing evaluation results.
Running muxtree optimizer on module \regfile..
  Creating internal representation of mux trees.
  Evaluating internal representation of mux trees.
  Analyzing evaluation results.
Running muxtree optimizer on module \soc_top..
  Creating internal representation of mux trees.
  No muxes found in this module.
Removed 0 multiplexer ports.
<suppressed ~78 debug messages>

23.14.11. Executing OPT_REDUCE pass (consolidate $*mux and $reduce_* inputs).
  Optimizing cells in module $paramod$66ed5c7c5398c9e4f923964ad0d3f2bb6d6bf8df\rv32_pipeline.
  Optimizing cells in module $paramod$b8444ee5d410294404e4c3b3bbb6e8ef9e9ec507\imem.
  Optimizing cells in module \alu.
  Optimizing cells in module \alu_control.
  Optimizing cells in module \control_unit.
  Optimizing cells in module \csr_unit.
  Optimizing cells in module \decoder.
  Optimizing cells in module \dmem.
  Optimizing cells in module \ex_mem_reg.
  Optimizing cells in module \forwarding_unit.
  Optimizing cells in module \id_ex_reg.
  Optimizing cells in module \if_id_reg.
  Optimizing cells in module \mem_wb_reg.
  Optimizing cells in module \muldiv.
  Optimizing cells in module \regfile.
  Optimizing cells in module \soc_top.
Performed a total of 0 changes.

23.14.12. Executing OPT_MERGE pass (detect identical cells).
Finding identical cells in module `$paramod$66ed5c7c5398c9e4f923964ad0d3f2bb6d6bf8df\rv32_pipeline'.
Finding identical cells in module `$paramod$b8444ee5d410294404e4c3b3bbb6e8ef9e9ec507\imem'.
Finding identical cells in module `\alu'.
Finding identical cells in module `\alu_control'.
Finding identical cells in module `\control_unit'.
Finding identical cells in module `\csr_unit'.
Finding identical cells in module `\decoder'.
Finding identical cells in module `\dmem'.
Finding identical cells in module `\ex_mem_reg'.
Finding identical cells in module `\forwarding_unit'.
Finding identical cells in module `\id_ex_reg'.
Finding identical cells in module `\if_id_reg'.
Finding identical cells in module `\mem_wb_reg'.
Finding identical cells in module `\muldiv'.
Finding identical cells in module `\regfile'.
Finding identical cells in module `\soc_top'.
Removed a total of 0 cells.

23.14.13. Executing OPT_DFF pass (perform DFF optimizations).

23.14.14. Executing OPT_CLEAN pass (remove unused cells and wires).
Finding unused cells or wires in module $paramod$66ed5c7c5398c9e4f923964ad0d3f2bb6d6bf8df\rv32_pipeline..
Finding unused cells or wires in module $paramod$b8444ee5d410294404e4c3b3bbb6e8ef9e9ec507\imem..
Finding unused cells or wires in module \alu..
Finding unused cells or wires in module \alu_control..
Finding unused cells or wires in module \control_unit..
Finding unused cells or wires in module \csr_unit..
Finding unused cells or wires in module \decoder..
Finding unused cells or wires in module \dmem..
Finding unused cells or wires in module \ex_mem_reg..
Finding unused cells or wires in module \forwarding_unit..
Finding unused cells or wires in module \id_ex_reg..
Finding unused cells or wires in module \if_id_reg..
Finding unused cells or wires in module \mem_wb_reg..
Finding unused cells or wires in module \muldiv..
Finding unused cells or wires in module \regfile..
Finding unused cells or wires in module \soc_top..

23.14.15. Executing OPT_EXPR pass (perform const folding).
Optimizing module $paramod$66ed5c7c5398c9e4f923964ad0d3f2bb6d6bf8df\rv32_pipeline.
Optimizing module $paramod$b8444ee5d410294404e4c3b3bbb6e8ef9e9ec507\imem.
Optimizing module alu.
Optimizing module alu_control.
Optimizing module control_unit.
Optimizing module csr_unit.
Optimizing module decoder.
Optimizing module dmem.
Optimizing module ex_mem_reg.
Optimizing module forwarding_unit.
Optimizing module id_ex_reg.
Optimizing module if_id_reg.
Optimizing module mem_wb_reg.
Optimizing module muldiv.
Optimizing module regfile.
Optimizing module soc_top.

23.14.16. Finished OPT passes. (There is nothing left to do.)

23.15. Executing MEMORY pass.

23.15.1. Executing OPT_MEM pass (optimize memories).
Performed a total of 0 transformations.

23.15.2. Executing OPT_MEM_PRIORITY pass (removing unnecessary memory write priority relations).
Performed a total of 0 transformations.

23.15.3. Executing OPT_MEM_FEEDBACK pass (finding memory read-to-write feedback paths).
  Analyzing regfile.regs write port 0.

23.15.4. Executing MEMORY_BMUX2ROM pass (converting muxes to ROMs).

23.15.5. Executing MEMORY_DFF pass (merging $dff cells to $memrd).
Checking read port `\regs'[0] in module `\regfile': no output FF found.
Checking read port `\regs'[1] in module `\regfile': no output FF found.
Checking read port address `\regs'[0] in module `\regfile': no address FF found.
Checking read port address `\regs'[1] in module `\regfile': no address FF found.

23.15.6. Executing OPT_CLEAN pass (remove unused cells and wires).
Finding unused cells or wires in module $paramod$66ed5c7c5398c9e4f923964ad0d3f2bb6d6bf8df\rv32_pipeline..
Finding unused cells or wires in module $paramod$b8444ee5d410294404e4c3b3bbb6e8ef9e9ec507\imem..
Finding unused cells or wires in module \alu..
Finding unused cells or wires in module \alu_control..
Finding unused cells or wires in module \control_unit..
Finding unused cells or wires in module \csr_unit..
Finding unused cells or wires in module \decoder..
Finding unused cells or wires in module \dmem..
Finding unused cells or wires in module \ex_mem_reg..
Finding unused cells or wires in module \forwarding_unit..
Finding unused cells or wires in module \id_ex_reg..
Finding unused cells or wires in module \if_id_reg..
Finding unused cells or wires in module \mem_wb_reg..
Finding unused cells or wires in module \muldiv..
Finding unused cells or wires in module \regfile..
Finding unused cells or wires in module \soc_top..

23.15.7. Executing MEMORY_SHARE pass (consolidating $memrd/$memwr cells).
Consolidating read ports of memory regfile.regs by address:

23.15.8. Executing OPT_MEM_WIDEN pass (optimize memories where all ports are wide).
Performed a total of 0 transformations.

23.15.9. Executing OPT_CLEAN pass (remove unused cells and wires).
Finding unused cells or wires in module $paramod$66ed5c7c5398c9e4f923964ad0d3f2bb6d6bf8df\rv32_pipeline..
Finding unused cells or wires in module $paramod$b8444ee5d410294404e4c3b3bbb6e8ef9e9ec507\imem..
Finding unused cells or wires in module \alu..
Finding unused cells or wires in module \alu_control..
Finding unused cells or wires in module \control_unit..
Finding unused cells or wires in module \csr_unit..
Finding unused cells or wires in module \decoder..
Finding unused cells or wires in module \dmem..
Finding unused cells or wires in module \ex_mem_reg..
Finding unused cells or wires in module \forwarding_unit..
Finding unused cells or wires in module \id_ex_reg..
Finding unused cells or wires in module \if_id_reg..
Finding unused cells or wires in module \mem_wb_reg..
Finding unused cells or wires in module \muldiv..
Finding unused cells or wires in module \regfile..
Finding unused cells or wires in module \soc_top..

23.15.10. Executing MEMORY_COLLECT pass (generating $mem cells).

23.16. Executing OPT_CLEAN pass (remove unused cells and wires).
Finding unused cells or wires in module $paramod$66ed5c7c5398c9e4f923964ad0d3f2bb6d6bf8df\rv32_pipeline..
Finding unused cells or wires in module $paramod$b8444ee5d410294404e4c3b3bbb6e8ef9e9ec507\imem..
Finding unused cells or wires in module \alu..
Finding unused cells or wires in module \alu_control..
Finding unused cells or wires in module \control_unit..
Finding unused cells or wires in module \csr_unit..
Finding unused cells or wires in module \decoder..
Finding unused cells or wires in module \dmem..
Finding unused cells or wires in module \ex_mem_reg..
Finding unused cells or wires in module \forwarding_unit..
Finding unused cells or wires in module \id_ex_reg..
Finding unused cells or wires in module \if_id_reg..
Finding unused cells or wires in module \mem_wb_reg..
Finding unused cells or wires in module \muldiv..
Finding unused cells or wires in module \regfile..
Finding unused cells or wires in module \soc_top..

23.17. Executing OPT pass (performing simple optimizations).

23.17.1. Executing OPT_EXPR pass (perform const folding).
Optimizing module $paramod$66ed5c7c5398c9e4f923964ad0d3f2bb6d6bf8df\rv32_pipeline.
<suppressed ~9 debug messages>
Optimizing module $paramod$b8444ee5d410294404e4c3b3bbb6e8ef9e9ec507\imem.
Optimizing module alu.
<suppressed ~2 debug messages>
Optimizing module alu_control.
<suppressed ~3 debug messages>
Optimizing module control_unit.
<suppressed ~9 debug messages>
Optimizing module csr_unit.
<suppressed ~4 debug messages>
Optimizing module decoder.
Optimizing module dmem.
Optimizing module ex_mem_reg.
Optimizing module forwarding_unit.
<suppressed ~2 debug messages>
Optimizing module id_ex_reg.
<suppressed ~22 debug messages>
Optimizing module if_id_reg.
<suppressed ~2 debug messages>
Optimizing module mem_wb_reg.
Optimizing module muldiv.
<suppressed ~1 debug messages>
Optimizing module regfile.
<suppressed ~3 debug messages>
Optimizing module soc_top.

23.17.2. Executing OPT_MERGE pass (detect identical cells).
Finding identical cells in module `$paramod$66ed5c7c5398c9e4f923964ad0d3f2bb6d6bf8df\rv32_pipeline'.
Finding identical cells in module `$paramod$b8444ee5d410294404e4c3b3bbb6e8ef9e9ec507\imem'.
Finding identical cells in module `\alu'.
Finding identical cells in module `\alu_control'.
Finding identical cells in module `\control_unit'.
Finding identical cells in module `\csr_unit'.
Finding identical cells in module `\decoder'.
Finding identical cells in module `\dmem'.
Finding identical cells in module `\ex_mem_reg'.
Finding identical cells in module `\forwarding_unit'.
Finding identical cells in module `\id_ex_reg'.
Finding identical cells in module `\if_id_reg'.
Finding identical cells in module `\mem_wb_reg'.
Finding identical cells in module `\muldiv'.
Finding identical cells in module `\regfile'.
Finding identical cells in module `\soc_top'.
Removed a total of 0 cells.

23.17.3. Executing OPT_DFF pass (perform DFF optimizations).
Adding EN signal on $auto$ff.cc:266:slice$15247 ($adffe) from module $paramod$66ed5c7c5398c9e4f923964ad0d3f2bb6d6bf8df\rv32_pipeline (D = \next_pc [1:0], Q = \pc [1:0]).

23.17.4. Executing OPT_CLEAN pass (remove unused cells and wires).
Finding unused cells or wires in module $paramod$66ed5c7c5398c9e4f923964ad0d3f2bb6d6bf8df\rv32_pipeline..
Finding unused cells or wires in module $paramod$b8444ee5d410294404e4c3b3bbb6e8ef9e9ec507\imem..
Finding unused cells or wires in module \alu..
Finding unused cells or wires in module \alu_control..
Finding unused cells or wires in module \control_unit..
Finding unused cells or wires in module \csr_unit..
Finding unused cells or wires in module \decoder..
Finding unused cells or wires in module \dmem..
Finding unused cells or wires in module \ex_mem_reg..
Finding unused cells or wires in module \forwarding_unit..
Finding unused cells or wires in module \id_ex_reg..
Finding unused cells or wires in module \if_id_reg..
Finding unused cells or wires in module \mem_wb_reg..
Finding unused cells or wires in module \muldiv..
Finding unused cells or wires in module \regfile..
Finding unused cells or wires in module \soc_top..
Removed 2 unused cells and 50 unused wires.
<suppressed ~12 debug messages>

23.17.5. Rerunning OPT passes. (Removed registers in this run.)

23.17.6. Executing OPT_EXPR pass (perform const folding).
Optimizing module $paramod$66ed5c7c5398c9e4f923964ad0d3f2bb6d6bf8df\rv32_pipeline.
<suppressed ~1 debug messages>
Optimizing module $paramod$b8444ee5d410294404e4c3b3bbb6e8ef9e9ec507\imem.
Optimizing module alu.
Optimizing module alu_control.
Optimizing module control_unit.
Optimizing module csr_unit.
Optimizing module decoder.
Optimizing module dmem.
Optimizing module ex_mem_reg.
Optimizing module forwarding_unit.
Optimizing module id_ex_reg.
Optimizing module if_id_reg.
Optimizing module mem_wb_reg.
Optimizing module muldiv.
Optimizing module regfile.
Optimizing module soc_top.

23.17.7. Executing OPT_MERGE pass (detect identical cells).
Finding identical cells in module `$paramod$66ed5c7c5398c9e4f923964ad0d3f2bb6d6bf8df\rv32_pipeline'.
Finding identical cells in module `$paramod$b8444ee5d410294404e4c3b3bbb6e8ef9e9ec507\imem'.
Finding identical cells in module `\alu'.
Finding identical cells in module `\alu_control'.
Finding identical cells in module `\control_unit'.
Finding identical cells in module `\csr_unit'.
Finding identical cells in module `\decoder'.
Finding identical cells in module `\dmem'.
Finding identical cells in module `\ex_mem_reg'.
Finding identical cells in module `\forwarding_unit'.
Finding identical cells in module `\id_ex_reg'.
Finding identical cells in module `\if_id_reg'.
Finding identical cells in module `\mem_wb_reg'.
Finding identical cells in module `\muldiv'.
Finding identical cells in module `\regfile'.
Finding identical cells in module `\soc_top'.
Removed a total of 0 cells.

23.17.8. Executing OPT_DFF pass (perform DFF optimizations).

23.17.9. Executing OPT_CLEAN pass (remove unused cells and wires).
Finding unused cells or wires in module $paramod$66ed5c7c5398c9e4f923964ad0d3f2bb6d6bf8df\rv32_pipeline..
Finding unused cells or wires in module $paramod$b8444ee5d410294404e4c3b3bbb6e8ef9e9ec507\imem..
Finding unused cells or wires in module \alu..
Finding unused cells or wires in module \alu_control..
Finding unused cells or wires in module \control_unit..
Finding unused cells or wires in module \csr_unit..
Finding unused cells or wires in module \decoder..
Finding unused cells or wires in module \dmem..
Finding unused cells or wires in module \ex_mem_reg..
Finding unused cells or wires in module \forwarding_unit..
Finding unused cells or wires in module \id_ex_reg..
Finding unused cells or wires in module \if_id_reg..
Finding unused cells or wires in module \mem_wb_reg..
Finding unused cells or wires in module \muldiv..
Finding unused cells or wires in module \regfile..
Finding unused cells or wires in module \soc_top..

23.17.10. Finished fast OPT passes.

23.18. Executing MEMORY_MAP pass (converting memories to logic and flip-flops).
Mapping memory \regs in module \regfile:
  created 32 $dff cells and 0 static cells of width 32.
  read interface: 0 $dff and 62 $mux cells.
  write interface: 32 write mux blocks.

23.19. Executing OPT pass (performing simple optimizations).

23.19.1. Executing OPT_EXPR pass (perform const folding).
Optimizing module $paramod$66ed5c7c5398c9e4f923964ad0d3f2bb6d6bf8df\rv32_pipeline.
Optimizing module $paramod$b8444ee5d410294404e4c3b3bbb6e8ef9e9ec507\imem.
Optimizing module alu.
Optimizing module alu_control.
Optimizing module control_unit.
Optimizing module csr_unit.
Optimizing module decoder.
Optimizing module dmem.
Optimizing module ex_mem_reg.
Optimizing module forwarding_unit.
Optimizing module id_ex_reg.
Optimizing module if_id_reg.
Optimizing module mem_wb_reg.
Optimizing module muldiv.
Optimizing module regfile.
<suppressed ~10 debug messages>
Optimizing module soc_top.

23.19.2. Executing OPT_MERGE pass (detect identical cells).
Finding identical cells in module `$paramod$66ed5c7c5398c9e4f923964ad0d3f2bb6d6bf8df\rv32_pipeline'.
Finding identical cells in module `$paramod$b8444ee5d410294404e4c3b3bbb6e8ef9e9ec507\imem'.
Finding identical cells in module `\alu'.
Finding identical cells in module `\alu_control'.
Finding identical cells in module `\control_unit'.
Finding identical cells in module `\csr_unit'.
Finding identical cells in module `\decoder'.
Finding identical cells in module `\dmem'.
Finding identical cells in module `\ex_mem_reg'.
Finding identical cells in module `\forwarding_unit'.
Finding identical cells in module `\id_ex_reg'.
Finding identical cells in module `\if_id_reg'.
Finding identical cells in module `\mem_wb_reg'.
Finding identical cells in module `\muldiv'.
Finding identical cells in module `\regfile'.
Finding identical cells in module `\soc_top'.
Removed a total of 0 cells.

23.19.3. Executing OPT_MUXTREE pass (detect dead branches in mux trees).
Running muxtree optimizer on module $paramod$66ed5c7c5398c9e4f923964ad0d3f2bb6d6bf8df\rv32_pipeline..
  Creating internal representation of mux trees.
  Evaluating internal representation of mux trees.
  Analyzing evaluation results.
Running muxtree optimizer on module $paramod$b8444ee5d410294404e4c3b3bbb6e8ef9e9ec507\imem..
  Creating internal representation of mux trees.
  No muxes found in this module.
Running muxtree optimizer on module \alu..
  Creating internal representation of mux trees.
  Evaluating internal representation of mux trees.
  Analyzing evaluation results.
Running muxtree optimizer on module \alu_control..
  Creating internal representation of mux trees.
  Evaluating internal representation of mux trees.
  Analyzing evaluation results.
Running muxtree optimizer on module \control_unit..
  Creating internal representation of mux trees.
  Evaluating internal representation of mux trees.
  Analyzing evaluation results.
Running muxtree optimizer on module \csr_unit..
  Creating internal representation of mux trees.
  Evaluating internal representation of mux trees.
  Analyzing evaluation results.
Running muxtree optimizer on module \decoder..
  Creating internal representation of mux trees.
  No muxes found in this module.
Running muxtree optimizer on module \dmem..
  Creating internal representation of mux trees.
  Evaluating internal representation of mux trees.
  Analyzing evaluation results.
Running muxtree optimizer on module \ex_mem_reg..
  Creating internal representation of mux trees.
  Evaluating internal representation of mux trees.
  Analyzing evaluation results.
Running muxtree optimizer on module \forwarding_unit..
  Creating internal representation of mux trees.
  Evaluating internal representation of mux trees.
  Analyzing evaluation results.
Running muxtree optimizer on module \id_ex_reg..
  Creating internal representation of mux trees.
  Evaluating internal representation of mux trees.
  Analyzing evaluation results.
Running muxtree optimizer on module \if_id_reg..
  Creating internal representation of mux trees.
  Evaluating internal representation of mux trees.
  Analyzing evaluation results.
Running muxtree optimizer on module \mem_wb_reg..
  Creating internal representation of mux trees.
  No muxes found in this module.
Running muxtree optimizer on module \muldiv..
  Creating internal representation of mux trees.
  Evaluating internal representation of mux trees.
  Analyzing evaluation results.
Running muxtree optimizer on module \regfile..
  Creating internal representation of mux trees.
  Evaluating internal representation of mux trees.
  Analyzing evaluation results.
Running muxtree optimizer on module \soc_top..
  Creating internal representation of mux trees.
  No muxes found in this module.
Removed 0 multiplexer ports.
<suppressed ~97 debug messages>

23.19.4. Executing OPT_REDUCE pass (consolidate $*mux and $reduce_* inputs).
  Optimizing cells in module $paramod$66ed5c7c5398c9e4f923964ad0d3f2bb6d6bf8df\rv32_pipeline.
    Consolidated identical input bits for $mux cell $ternary$rtl/core/rv32_pipeline.v:406$14564:
      Old ports: A=4'0010, B=4'1011, Y=\ex_trap_cause
      New ports: A=1'0, B=1'1, Y=\ex_trap_cause [0]
      New connections: \ex_trap_cause [3:1] = { \ex_trap_cause [0] 2'01 }
  Optimizing cells in module $paramod$66ed5c7c5398c9e4f923964ad0d3f2bb6d6bf8df\rv32_pipeline.
  Optimizing cells in module $paramod$b8444ee5d410294404e4c3b3bbb6e8ef9e9ec507\imem.
  Optimizing cells in module \alu.
  Optimizing cells in module \alu_control.
  Optimizing cells in module \control_unit.
  Optimizing cells in module \csr_unit.
  Optimizing cells in module \decoder.
  Optimizing cells in module \dmem.
    Consolidated identical input bits for $mux cell $ternary$rtl/soc/dmem_macro_ss.v:18$14431:
      Old ports: A=4'0000, B=4'1111, Y=$ternary$rtl/soc/dmem_macro_ss.v:18$14431_Y
      New ports: A=1'0, B=1'1, Y=$ternary$rtl/soc/dmem_macro_ss.v:18$14431_Y [0]
      New connections: $ternary$rtl/soc/dmem_macro_ss.v:18$14431_Y [3:1] = { $ternary$rtl/soc/dmem_macro_ss.v:18$14431_Y [0] $ternary$rtl/soc/dmem_macro_ss.v:18$14431_Y [0] $ternary$rtl/soc/dmem_macro_ss.v:18$14431_Y [0] }
  Optimizing cells in module \dmem.
  Optimizing cells in module \ex_mem_reg.
  Optimizing cells in module \forwarding_unit.
  Optimizing cells in module \id_ex_reg.
  Optimizing cells in module \if_id_reg.
  Optimizing cells in module \mem_wb_reg.
  Optimizing cells in module \muldiv.
    Consolidated identical input bits for $mux cell $auto$share.cc:662:make_supercell$15428:
      Old ports: A={ \a [31] \a }, B={ 1'0 \a }, Y=$auto$share.cc:659:make_supercell$15426
      New ports: A=\a [31], B=1'0, Y=$auto$share.cc:659:make_supercell$15426 [32]
      New connections: $auto$share.cc:659:make_supercell$15426 [31:0] = \a
    Consolidated identical input bits for $mux cell $auto$share.cc:662:make_supercell$15438:
      Old ports: A={ \a [31] \a }, B={ 1'0 \a }, Y=$auto$share.cc:659:make_supercell$15436
      New ports: A=\a [31], B=1'0, Y=$auto$share.cc:659:make_supercell$15436 [32]
      New connections: $auto$share.cc:659:make_supercell$15436 [31:0] = \a
    Consolidated identical input bits for $mux cell $auto$share.cc:663:make_supercell$15429:
      Old ports: A={ \b [31] \b }, B={ 1'0 \b }, Y=$auto$share.cc:660:make_supercell$15427
      New ports: A=\b [31], B=1'0, Y=$auto$share.cc:660:make_supercell$15427 [32]
      New connections: $auto$share.cc:660:make_supercell$15427 [31:0] = \b
    Consolidated identical input bits for $mux cell $auto$share.cc:663:make_supercell$15439:
      Old ports: A={ \b [31] \b }, B={ 1'0 \b }, Y=$auto$share.cc:660:make_supercell$15437
      New ports: A=\b [31], B=1'0, Y=$auto$share.cc:660:make_supercell$15437 [32]
      New connections: $auto$share.cc:660:make_supercell$15437 [31:0] = \b
  Optimizing cells in module \muldiv.
  Optimizing cells in module \regfile.
  Optimizing cells in module \soc_top.
Performed a total of 6 changes.

23.19.5. Executing OPT_MERGE pass (detect identical cells).
Finding identical cells in module `$paramod$66ed5c7c5398c9e4f923964ad0d3f2bb6d6bf8df\rv32_pipeline'.
Finding identical cells in module `$paramod$b8444ee5d410294404e4c3b3bbb6e8ef9e9ec507\imem'.
Finding identical cells in module `\alu'.
Finding identical cells in module `\alu_control'.
Finding identical cells in module `\control_unit'.
Finding identical cells in module `\csr_unit'.
Finding identical cells in module `\decoder'.
Finding identical cells in module `\dmem'.
Finding identical cells in module `\ex_mem_reg'.
Finding identical cells in module `\forwarding_unit'.
Finding identical cells in module `\id_ex_reg'.
Finding identical cells in module `\if_id_reg'.
Finding identical cells in module `\mem_wb_reg'.
Finding identical cells in module `\muldiv'.
Finding identical cells in module `\regfile'.
Finding identical cells in module `\soc_top'.
Removed a total of 0 cells.

23.19.6. Executing OPT_SHARE pass.

23.19.7. Executing OPT_DFF pass (perform DFF optimizations).

23.19.8. Executing OPT_CLEAN pass (remove unused cells and wires).
Finding unused cells or wires in module $paramod$66ed5c7c5398c9e4f923964ad0d3f2bb6d6bf8df\rv32_pipeline..
Finding unused cells or wires in module $paramod$b8444ee5d410294404e4c3b3bbb6e8ef9e9ec507\imem..
Finding unused cells or wires in module \alu..
Finding unused cells or wires in module \alu_control..
Finding unused cells or wires in module \control_unit..
Finding unused cells or wires in module \csr_unit..
Finding unused cells or wires in module \decoder..
Finding unused cells or wires in module \dmem..
Finding unused cells or wires in module \ex_mem_reg..
Finding unused cells or wires in module \forwarding_unit..
Finding unused cells or wires in module \id_ex_reg..
Finding unused cells or wires in module \if_id_reg..
Finding unused cells or wires in module \mem_wb_reg..
Finding unused cells or wires in module \muldiv..
Finding unused cells or wires in module \regfile..
Finding unused cells or wires in module \soc_top..
Removed 0 unused cells and 101 unused wires.
<suppressed ~1 debug messages>

23.19.9. Executing OPT_EXPR pass (perform const folding).
Optimizing module $paramod$66ed5c7c5398c9e4f923964ad0d3f2bb6d6bf8df\rv32_pipeline.
<suppressed ~1 debug messages>
Optimizing module $paramod$b8444ee5d410294404e4c3b3bbb6e8ef9e9ec507\imem.
Optimizing module alu.
Optimizing module alu_control.
Optimizing module control_unit.
Optimizing module csr_unit.
Optimizing module decoder.
Optimizing module dmem.
<suppressed ~1 debug messages>
Optimizing module ex_mem_reg.
Optimizing module forwarding_unit.
Optimizing module id_ex_reg.
Optimizing module if_id_reg.
Optimizing module mem_wb_reg.
Optimizing module muldiv.
Optimizing module regfile.
Optimizing module soc_top.

23.19.10. Rerunning OPT passes. (Maybe there is more to do..)

23.19.11. Executing OPT_MUXTREE pass (detect dead branches in mux trees).
Running muxtree optimizer on module $paramod$66ed5c7c5398c9e4f923964ad0d3f2bb6d6bf8df\rv32_pipeline..
  Creating internal representation of mux trees.
  Evaluating internal representation of mux trees.
  Analyzing evaluation results.
Running muxtree optimizer on module $paramod$b8444ee5d410294404e4c3b3bbb6e8ef9e9ec507\imem..
  Creating internal representation of mux trees.
  No muxes found in this module.
Running muxtree optimizer on module \alu..
  Creating internal representation of mux trees.
  Evaluating internal representation of mux trees.
  Analyzing evaluation results.
Running muxtree optimizer on module \alu_control..
  Creating internal representation of mux trees.
  Evaluating internal representation of mux trees.
  Analyzing evaluation results.
Running muxtree optimizer on module \control_unit..
  Creating internal representation of mux trees.
  Evaluating internal representation of mux trees.
  Analyzing evaluation results.
Running muxtree optimizer on module \csr_unit..
  Creating internal representation of mux trees.
  Evaluating internal representation of mux trees.
  Analyzing evaluation results.
Running muxtree optimizer on module \decoder..
  Creating internal representation of mux trees.
  No muxes found in this module.
Running muxtree optimizer on module \dmem..
  Creating internal representation of mux trees.
  Evaluating internal representation of mux trees.
  Analyzing evaluation results.
Running muxtree optimizer on module \ex_mem_reg..
  Creating internal representation of mux trees.
  Evaluating internal representation of mux trees.
  Analyzing evaluation results.
Running muxtree optimizer on module \forwarding_unit..
  Creating internal representation of mux trees.
  Evaluating internal representation of mux trees.
  Analyzing evaluation results.
Running muxtree optimizer on module \id_ex_reg..
  Creating internal representation of mux trees.
  Evaluating internal representation of mux trees.
  Analyzing evaluation results.
Running muxtree optimizer on module \if_id_reg..
  Creating internal representation of mux trees.
  Evaluating internal representation of mux trees.
  Analyzing evaluation results.
Running muxtree optimizer on module \mem_wb_reg..
  Creating internal representation of mux trees.
  No muxes found in this module.
Running muxtree optimizer on module \muldiv..
  Creating internal representation of mux trees.
  Evaluating internal representation of mux trees.
  Analyzing evaluation results.
Running muxtree optimizer on module \regfile..
  Creating internal representation of mux trees.
  Evaluating internal representation of mux trees.
  Analyzing evaluation results.
Running muxtree optimizer on module \soc_top..
  Creating internal representation of mux trees.
  No muxes found in this module.
Removed 0 multiplexer ports.
<suppressed ~96 debug messages>

23.19.12. Executing OPT_REDUCE pass (consolidate $*mux and $reduce_* inputs).
  Optimizing cells in module $paramod$66ed5c7c5398c9e4f923964ad0d3f2bb6d6bf8df\rv32_pipeline.
  Optimizing cells in module $paramod$b8444ee5d410294404e4c3b3bbb6e8ef9e9ec507\imem.
  Optimizing cells in module \alu.
  Optimizing cells in module \alu_control.
  Optimizing cells in module \control_unit.
  Optimizing cells in module \csr_unit.
  Optimizing cells in module \decoder.
  Optimizing cells in module \dmem.
  Optimizing cells in module \ex_mem_reg.
  Optimizing cells in module \forwarding_unit.
  Optimizing cells in module \id_ex_reg.
  Optimizing cells in module \if_id_reg.
  Optimizing cells in module \mem_wb_reg.
  Optimizing cells in module \muldiv.
  Optimizing cells in module \regfile.
  Optimizing cells in module \soc_top.
Performed a total of 0 changes.

23.19.13. Executing OPT_MERGE pass (detect identical cells).
Finding identical cells in module `$paramod$66ed5c7c5398c9e4f923964ad0d3f2bb6d6bf8df\rv32_pipeline'.
Finding identical cells in module `$paramod$b8444ee5d410294404e4c3b3bbb6e8ef9e9ec507\imem'.
Finding identical cells in module `\alu'.
Finding identical cells in module `\alu_control'.
Finding identical cells in module `\control_unit'.
Finding identical cells in module `\csr_unit'.
Finding identical cells in module `\decoder'.
Finding identical cells in module `\dmem'.
Finding identical cells in module `\ex_mem_reg'.
Finding identical cells in module `\forwarding_unit'.
Finding identical cells in module `\id_ex_reg'.
Finding identical cells in module `\if_id_reg'.
Finding identical cells in module `\mem_wb_reg'.
Finding identical cells in module `\muldiv'.
Finding identical cells in module `\regfile'.
Finding identical cells in module `\soc_top'.
Removed a total of 0 cells.

23.19.14. Executing OPT_SHARE pass.

23.19.15. Executing OPT_DFF pass (perform DFF optimizations).
Adding EN signal on $memory\regs[9]$15472 ($dff) from module regfile (D = \wdata, Q = \regs[9]).
Adding EN signal on $memory\regs[8]$15470 ($dff) from module regfile (D = \wdata, Q = \regs[8]).
Adding EN signal on $memory\regs[7]$15468 ($dff) from module regfile (D = \wdata, Q = \regs[7]).
Adding EN signal on $memory\regs[6]$15466 ($dff) from module regfile (D = \wdata, Q = \regs[6]).
Adding EN signal on $memory\regs[5]$15464 ($dff) from module regfile (D = \wdata, Q = \regs[5]).
Adding EN signal on $memory\regs[4]$15462 ($dff) from module regfile (D = \wdata, Q = \regs[4]).
Adding EN signal on $memory\regs[3]$15460 ($dff) from module regfile (D = \wdata, Q = \regs[3]).
Adding EN signal on $memory\regs[31]$15516 ($dff) from module regfile (D = \wdata, Q = \regs[31]).
Adding EN signal on $memory\regs[30]$15514 ($dff) from module regfile (D = \wdata, Q = \regs[30]).
Adding EN signal on $memory\regs[2]$15458 ($dff) from module regfile (D = \wdata, Q = \regs[2]).
Adding EN signal on $memory\regs[29]$15512 ($dff) from module regfile (D = \wdata, Q = \regs[29]).
Adding EN signal on $memory\regs[28]$15510 ($dff) from module regfile (D = \wdata, Q = \regs[28]).
Adding EN signal on $memory\regs[27]$15508 ($dff) from module regfile (D = \wdata, Q = \regs[27]).
Adding EN signal on $memory\regs[26]$15506 ($dff) from module regfile (D = \wdata, Q = \regs[26]).
Adding EN signal on $memory\regs[25]$15504 ($dff) from module regfile (D = \wdata, Q = \regs[25]).
Adding EN signal on $memory\regs[24]$15502 ($dff) from module regfile (D = \wdata, Q = \regs[24]).
Adding EN signal on $memory\regs[23]$15500 ($dff) from module regfile (D = \wdata, Q = \regs[23]).
Adding EN signal on $memory\regs[22]$15498 ($dff) from module regfile (D = \wdata, Q = \regs[22]).
Adding EN signal on $memory\regs[21]$15496 ($dff) from module regfile (D = \wdata, Q = \regs[21]).
Adding EN signal on $memory\regs[20]$15494 ($dff) from module regfile (D = \wdata, Q = \regs[20]).
Adding EN signal on $memory\regs[1]$15456 ($dff) from module regfile (D = \wdata, Q = \regs[1]).
Adding EN signal on $memory\regs[19]$15492 ($dff) from module regfile (D = \wdata, Q = \regs[19]).
Adding EN signal on $memory\regs[18]$15490 ($dff) from module regfile (D = \wdata, Q = \regs[18]).
Adding EN signal on $memory\regs[17]$15488 ($dff) from module regfile (D = \wdata, Q = \regs[17]).
Adding EN signal on $memory\regs[16]$15486 ($dff) from module regfile (D = \wdata, Q = \regs[16]).
Adding EN signal on $memory\regs[15]$15484 ($dff) from module regfile (D = \wdata, Q = \regs[15]).
Adding EN signal on $memory\regs[14]$15482 ($dff) from module regfile (D = \wdata, Q = \regs[14]).
Adding EN signal on $memory\regs[13]$15480 ($dff) from module regfile (D = \wdata, Q = \regs[13]).
Adding EN signal on $memory\regs[12]$15478 ($dff) from module regfile (D = \wdata, Q = \regs[12]).
Adding EN signal on $memory\regs[11]$15476 ($dff) from module regfile (D = \wdata, Q = \regs[11]).
Adding EN signal on $memory\regs[10]$15474 ($dff) from module regfile (D = \wdata, Q = \regs[10]).
Adding EN signal on $memory\regs[0]$15454 ($dff) from module regfile (D = \wdata, Q = \regs[0]).

23.19.16. Executing OPT_CLEAN pass (remove unused cells and wires).
Finding unused cells or wires in module $paramod$66ed5c7c5398c9e4f923964ad0d3f2bb6d6bf8df\rv32_pipeline..
Finding unused cells or wires in module $paramod$b8444ee5d410294404e4c3b3bbb6e8ef9e9ec507\imem..
Finding unused cells or wires in module \alu..
Finding unused cells or wires in module \alu_control..
Finding unused cells or wires in module \control_unit..
Finding unused cells or wires in module \csr_unit..
Finding unused cells or wires in module \decoder..
Finding unused cells or wires in module \dmem..
Finding unused cells or wires in module \ex_mem_reg..
Finding unused cells or wires in module \forwarding_unit..
Finding unused cells or wires in module \id_ex_reg..
Finding unused cells or wires in module \if_id_reg..
Finding unused cells or wires in module \mem_wb_reg..
Finding unused cells or wires in module \muldiv..
Finding unused cells or wires in module \regfile..
Finding unused cells or wires in module \soc_top..
Removed 32 unused cells and 33 unused wires.
<suppressed ~34 debug messages>

23.19.17. Executing OPT_EXPR pass (perform const folding).
Optimizing module $paramod$66ed5c7c5398c9e4f923964ad0d3f2bb6d6bf8df\rv32_pipeline.
Optimizing module $paramod$b8444ee5d410294404e4c3b3bbb6e8ef9e9ec507\imem.
Optimizing module alu.
Optimizing module alu_control.
Optimizing module control_unit.
Optimizing module csr_unit.
Optimizing module decoder.
Optimizing module dmem.
Optimizing module ex_mem_reg.
Optimizing module forwarding_unit.
Optimizing module id_ex_reg.
Optimizing module if_id_reg.
Optimizing module mem_wb_reg.
Optimizing module muldiv.
Optimizing module regfile.
Optimizing module soc_top.

23.19.18. Rerunning OPT passes. (Maybe there is more to do..)

23.19.19. Executing OPT_MUXTREE pass (detect dead branches in mux trees).
Running muxtree optimizer on module $paramod$66ed5c7c5398c9e4f923964ad0d3f2bb6d6bf8df\rv32_pipeline..
  Creating internal representation of mux trees.
  Evaluating internal representation of mux trees.
  Analyzing evaluation results.
Running muxtree optimizer on module $paramod$b8444ee5d410294404e4c3b3bbb6e8ef9e9ec507\imem..
  Creating internal representation of mux trees.
  No muxes found in this module.
Running muxtree optimizer on module \alu..
  Creating internal representation of mux trees.
  Evaluating internal representation of mux trees.
  Analyzing evaluation results.
Running muxtree optimizer on module \alu_control..
  Creating internal representation of mux trees.
  Evaluating internal representation of mux trees.
  Analyzing evaluation results.
Running muxtree optimizer on module \control_unit..
  Creating internal representation of mux trees.
  Evaluating internal representation of mux trees.
  Analyzing evaluation results.
Running muxtree optimizer on module \csr_unit..
  Creating internal representation of mux trees.
  Evaluating internal representation of mux trees.
  Analyzing evaluation results.
Running muxtree optimizer on module \decoder..
  Creating internal representation of mux trees.
  No muxes found in this module.
Running muxtree optimizer on module \dmem..
  Creating internal representation of mux trees.
  Evaluating internal representation of mux trees.
  Analyzing evaluation results.
Running muxtree optimizer on module \ex_mem_reg..
  Creating internal representation of mux trees.
  Evaluating internal representation of mux trees.
  Analyzing evaluation results.
Running muxtree optimizer on module \forwarding_unit..
  Creating internal representation of mux trees.
  Evaluating internal representation of mux trees.
  Analyzing evaluation results.
Running muxtree optimizer on module \id_ex_reg..
  Creating internal representation of mux trees.
  Evaluating internal representation of mux trees.
  Analyzing evaluation results.
Running muxtree optimizer on module \if_id_reg..
  Creating internal representation of mux trees.
  Evaluating internal representation of mux trees.
  Analyzing evaluation results.
Running muxtree optimizer on module \mem_wb_reg..
  Creating internal representation of mux trees.
  No muxes found in this module.
Running muxtree optimizer on module \muldiv..
  Creating internal representation of mux trees.
  Evaluating internal representation of mux trees.
  Analyzing evaluation results.
Running muxtree optimizer on module \regfile..
  Creating internal representation of mux trees.
  Evaluating internal representation of mux trees.
  Analyzing evaluation results.
Running muxtree optimizer on module \soc_top..
  Creating internal representation of mux trees.
  No muxes found in this module.
Removed 0 multiplexer ports.
<suppressed ~64 debug messages>

23.19.20. Executing OPT_REDUCE pass (consolidate $*mux and $reduce_* inputs).
  Optimizing cells in module $paramod$66ed5c7c5398c9e4f923964ad0d3f2bb6d6bf8df\rv32_pipeline.
  Optimizing cells in module $paramod$b8444ee5d410294404e4c3b3bbb6e8ef9e9ec507\imem.
  Optimizing cells in module \alu.
  Optimizing cells in module \alu_control.
  Optimizing cells in module \control_unit.
  Optimizing cells in module \csr_unit.
  Optimizing cells in module \decoder.
  Optimizing cells in module \dmem.
  Optimizing cells in module \ex_mem_reg.
  Optimizing cells in module \forwarding_unit.
  Optimizing cells in module \id_ex_reg.
  Optimizing cells in module \if_id_reg.
  Optimizing cells in module \mem_wb_reg.
  Optimizing cells in module \muldiv.
  Optimizing cells in module \regfile.
  Optimizing cells in module \soc_top.
Performed a total of 0 changes.

23.19.21. Executing OPT_MERGE pass (detect identical cells).
Finding identical cells in module `$paramod$66ed5c7c5398c9e4f923964ad0d3f2bb6d6bf8df\rv32_pipeline'.
Finding identical cells in module `$paramod$b8444ee5d410294404e4c3b3bbb6e8ef9e9ec507\imem'.
Finding identical cells in module `\alu'.
Finding identical cells in module `\alu_control'.
Finding identical cells in module `\control_unit'.
Finding identical cells in module `\csr_unit'.
Finding identical cells in module `\decoder'.
Finding identical cells in module `\dmem'.
Finding identical cells in module `\ex_mem_reg'.
Finding identical cells in module `\forwarding_unit'.
Finding identical cells in module `\id_ex_reg'.
Finding identical cells in module `\if_id_reg'.
Finding identical cells in module `\mem_wb_reg'.
Finding identical cells in module `\muldiv'.
Finding identical cells in module `\regfile'.
Finding identical cells in module `\soc_top'.
Removed a total of 0 cells.

23.19.22. Executing OPT_SHARE pass.

23.19.23. Executing OPT_DFF pass (perform DFF optimizations).

23.19.24. Executing OPT_CLEAN pass (remove unused cells and wires).
Finding unused cells or wires in module $paramod$66ed5c7c5398c9e4f923964ad0d3f2bb6d6bf8df\rv32_pipeline..
Finding unused cells or wires in module $paramod$b8444ee5d410294404e4c3b3bbb6e8ef9e9ec507\imem..
Finding unused cells or wires in module \alu..
Finding unused cells or wires in module \alu_control..
Finding unused cells or wires in module \control_unit..
Finding unused cells or wires in module \csr_unit..
Finding unused cells or wires in module \decoder..
Finding unused cells or wires in module \dmem..
Finding unused cells or wires in module \ex_mem_reg..
Finding unused cells or wires in module \forwarding_unit..
Finding unused cells or wires in module \id_ex_reg..
Finding unused cells or wires in module \if_id_reg..
Finding unused cells or wires in module \mem_wb_reg..
Finding unused cells or wires in module \muldiv..
Finding unused cells or wires in module \regfile..
Finding unused cells or wires in module \soc_top..

23.19.25. Executing OPT_EXPR pass (perform const folding).
Optimizing module $paramod$66ed5c7c5398c9e4f923964ad0d3f2bb6d6bf8df\rv32_pipeline.
Optimizing module $paramod$b8444ee5d410294404e4c3b3bbb6e8ef9e9ec507\imem.
Optimizing module alu.
Optimizing module alu_control.
Optimizing module control_unit.
Optimizing module csr_unit.
Optimizing module decoder.
Optimizing module dmem.
Optimizing module ex_mem_reg.
Optimizing module forwarding_unit.
Optimizing module id_ex_reg.
Optimizing module if_id_reg.
Optimizing module mem_wb_reg.
Optimizing module muldiv.
Optimizing module regfile.
Optimizing module soc_top.

23.19.26. Finished OPT passes. (There is nothing left to do.)

23.20. Executing TECHMAP pass (map to technology primitives).

23.20.1. Executing Verilog-2005 frontend: /usr/bin/../share/yosys/techmap.v
Parsing Verilog input from `/usr/bin/../share/yosys/techmap.v' to AST representation.
Generating RTLIL representation for module `\_90_simplemap_bool_ops'.
Generating RTLIL representation for module `\_90_simplemap_reduce_ops'.
Generating RTLIL representation for module `\_90_simplemap_logic_ops'.
Generating RTLIL representation for module `\_90_simplemap_compare_ops'.
Generating RTLIL representation for module `\_90_simplemap_various'.
Generating RTLIL representation for module `\_90_simplemap_registers'.
Generating RTLIL representation for module `\_90_shift_ops_shr_shl_sshl_sshr'.
Generating RTLIL representation for module `\_90_shift_shiftx'.
Generating RTLIL representation for module `\_90_fa'.
Generating RTLIL representation for module `\_90_lcu_brent_kung'.
Generating RTLIL representation for module `\_90_alu'.
Generating RTLIL representation for module `\_90_macc'.
Generating RTLIL representation for module `\_90_alumacc'.
Generating RTLIL representation for module `\$__div_mod_u'.
Generating RTLIL representation for module `\$__div_mod_trunc'.
Generating RTLIL representation for module `\_90_div'.
Generating RTLIL representation for module `\_90_mod'.
Generating RTLIL representation for module `\$__div_mod_floor'.
Generating RTLIL representation for module `\_90_divfloor'.
Generating RTLIL representation for module `\_90_modfloor'.
Generating RTLIL representation for module `\_90_pow'.
Generating RTLIL representation for module `\_90_pmux'.
Generating RTLIL representation for module `\_90_demux'.
Generating RTLIL representation for module `\_90_lut'.
Successfully finished Verilog frontend.

23.20.2. Continuing TECHMAP pass.
Using extmapper simplemap for cells of type $mux.
Using extmapper simplemap for cells of type $logic_not.
Using extmapper simplemap for cells of type $eq.
Using extmapper simplemap for cells of type $logic_and.
Using extmapper simplemap for cells of type $reduce_bool.
Using extmapper simplemap for cells of type $dffe.
Using extmapper simplemap for cells of type $and.
Using extmapper simplemap for cells of type $not.
Using extmapper maccmap for cells of type $macc_v2.
  add \a * \b (32x32 bits, signed)
  add { 1'0 \b } * \a (33x32 bits, signed)
  add \a * \b (32x32 bits, unsigned)
Using template $paramod$9a99f3bc4ce1ca3c44f8bdb25c4000634acbeb47\_90_div for cells of type $div.
Using template $paramod$49f1dc3dcd6d2c748486fe94c6744a34a19bbafe\_90_pmux for cells of type $pmux.
Using template $paramod$9a99f3bc4ce1ca3c44f8bdb25c4000634acbeb47\_90_mod for cells of type $mod.
Using template $paramod$9a99f3bc4ce1ca3c44f8bdb25c4000634acbeb47\$__div_mod_trunc for cells of type $__div_mod_trunc.
Using extmapper simplemap for cells of type $reduce_or.
Using template $paramod\_90_fa\WIDTH=32'00000000000000000000000001000000 for cells of type $fa.
Using template $paramod$039520c137afc9cd69dd56c3fb11a4e1fbe5f664\_90_alu for cells of type $alu.
Using extmapper simplemap for cells of type $pos.
Using template $paramod\_90_lcu_brent_kung\WIDTH=32'00000000000000000000000001000000 for cells of type $lcu.
Using extmapper simplemap for cells of type $xor.
Using extmapper simplemap for cells of type $or.
Running "alumacc" on wrapper $extern:wrap:$neg:Y_WIDTH=33:A_WIDTH=33:A_SIGNED=0:394426c56d1a028ba8fdd5469b163e04011def47.
Using template $extern:wrap:$neg:Y_WIDTH=33:A_WIDTH=33:A_SIGNED=0:394426c56d1a028ba8fdd5469b163e04011def47 for cells of type $extern:wrap:$neg:Y_WIDTH=33:A_WIDTH=33:A_SIGNED=0:394426c56d1a028ba8fdd5469b163e04011def47.
Using template $paramod\$__div_mod_u\WIDTH=32'00000000000000000000000000100001 for cells of type $__div_mod_u.
Using extmapper simplemap for cells of type $ne.
Using template $paramod$e3e2a2ae1e4d598b5e0e0be67cc1104653ecf8c1\_90_alu for cells of type $alu.
Running "alumacc" on wrapper $extern:wrap:$sub:Y_WIDTH=33:B_WIDTH=33:A_WIDTH=33:B_SIGNED=0:A_SIGNED=0:394426c56d1a028ba8fdd5469b163e04011def47.
Using template $extern:wrap:$sub:Y_WIDTH=33:B_WIDTH=33:A_WIDTH=33:B_SIGNED=0:A_SIGNED=0:394426c56d1a028ba8fdd5469b163e04011def47 for cells of type $extern:wrap:$sub:Y_WIDTH=33:B_WIDTH=33:A_WIDTH=33:B_SIGNED=0:A_SIGNED=0:394426c56d1a028ba8fdd5469b163e04011def47.
Running "alumacc" on wrapper $extern:wrap:$ge:Y_WIDTH=1:B_WIDTH=33:A_WIDTH=33:B_SIGNED=0:A_SIGNED=0:394426c56d1a028ba8fdd5469b163e04011def47.
Using template $extern:wrap:$ge:Y_WIDTH=1:B_WIDTH=33:A_WIDTH=33:B_SIGNED=0:A_SIGNED=0:394426c56d1a028ba8fdd5469b163e04011def47 for cells of type $extern:wrap:$ge:Y_WIDTH=1:B_WIDTH=33:A_WIDTH=33:B_SIGNED=0:A_SIGNED=0:394426c56d1a028ba8fdd5469b163e04011def47.
Running "alumacc" on wrapper $extern:wrap:$sub:Y_WIDTH=34:B_WIDTH=34:A_WIDTH=33:B_SIGNED=0:A_SIGNED=0:394426c56d1a028ba8fdd5469b163e04011def47.
Using template $extern:wrap:$sub:Y_WIDTH=34:B_WIDTH=34:A_WIDTH=33:B_SIGNED=0:A_SIGNED=0:394426c56d1a028ba8fdd5469b163e04011def47 for cells of type $extern:wrap:$sub:Y_WIDTH=34:B_WIDTH=34:A_WIDTH=33:B_SIGNED=0:A_SIGNED=0:394426c56d1a028ba8fdd5469b163e04011def47.
Running "alumacc" on wrapper $extern:wrap:$ge:Y_WIDTH=1:B_WIDTH=34:A_WIDTH=33:B_SIGNED=0:A_SIGNED=0:394426c56d1a028ba8fdd5469b163e04011def47.
Using template $extern:wrap:$ge:Y_WIDTH=1:B_WIDTH=34:A_WIDTH=33:B_SIGNED=0:A_SIGNED=0:394426c56d1a028ba8fdd5469b163e04011def47 for cells of type $extern:wrap:$ge:Y_WIDTH=1:B_WIDTH=34:A_WIDTH=33:B_SIGNED=0:A_SIGNED=0:394426c56d1a028ba8fdd5469b163e04011def47.
Running "alumacc" on wrapper $extern:wrap:$sub:Y_WIDTH=35:B_WIDTH=35:A_WIDTH=33:B_SIGNED=0:A_SIGNED=0:394426c56d1a028ba8fdd5469b163e04011def47.
Using template $extern:wrap:$sub:Y_WIDTH=35:B_WIDTH=35:A_WIDTH=33:B_SIGNED=0:A_SIGNED=0:394426c56d1a028ba8fdd5469b163e04011def47 for cells of type $extern:wrap:$sub:Y_WIDTH=35:B_WIDTH=35:A_WIDTH=33:B_SIGNED=0:A_SIGNED=0:394426c56d1a028ba8fdd5469b163e04011def47.
Running "alumacc" on wrapper $extern:wrap:$ge:Y_WIDTH=1:B_WIDTH=35:A_WIDTH=33:B_SIGNED=0:A_SIGNED=0:394426c56d1a028ba8fdd5469b163e04011def47.
Using template $extern:wrap:$ge:Y_WIDTH=1:B_WIDTH=35:A_WIDTH=33:B_SIGNED=0:A_SIGNED=0:394426c56d1a028ba8fdd5469b163e04011def47 for cells of type $extern:wrap:$ge:Y_WIDTH=1:B_WIDTH=35:A_WIDTH=33:B_SIGNED=0:A_SIGNED=0:394426c56d1a028ba8fdd5469b163e04011def47.
Running "alumacc" on wrapper $extern:wrap:$sub:Y_WIDTH=36:B_WIDTH=36:A_WIDTH=33:B_SIGNED=0:A_SIGNED=0:394426c56d1a028ba8fdd5469b163e04011def47.
Using template $extern:wrap:$sub:Y_WIDTH=36:B_WIDTH=36:A_WIDTH=33:B_SIGNED=0:A_SIGNED=0:394426c56d1a028ba8fdd5469b163e04011def47 for cells of type $extern:wrap:$sub:Y_WIDTH=36:B_WIDTH=36:A_WIDTH=33:B_SIGNED=0:A_SIGNED=0:394426c56d1a028ba8fdd5469b163e04011def47.
Running "alumacc" on wrapper $extern:wrap:$ge:Y_WIDTH=1:B_WIDTH=36:A_WIDTH=33:B_SIGNED=0:A_SIGNED=0:394426c56d1a028ba8fdd5469b163e04011def47.
Using template $extern:wrap:$ge:Y_WIDTH=1:B_WIDTH=36:A_WIDTH=33:B_SIGNED=0:A_SIGNED=0:394426c56d1a028ba8fdd5469b163e04011def47 for cells of type $extern:wrap:$ge:Y_WIDTH=1:B_WIDTH=36:A_WIDTH=33:B_SIGNED=0:A_SIGNED=0:394426c56d1a028ba8fdd5469b163e04011def47.
Running "alumacc" on wrapper $extern:wrap:$sub:Y_WIDTH=37:B_WIDTH=37:A_WIDTH=33:B_SIGNED=0:A_SIGNED=0:394426c56d1a028ba8fdd5469b163e04011def47.
Using template $extern:wrap:$sub:Y_WIDTH=37:B_WIDTH=37:A_WIDTH=33:B_SIGNED=0:A_SIGNED=0:394426c56d1a028ba8fdd5469b163e04011def47 for cells of type $extern:wrap:$sub:Y_WIDTH=37:B_WIDTH=37:A_WIDTH=33:B_SIGNED=0:A_SIGNED=0:394426c56d1a028ba8fdd5469b163e04011def47.
Running "alumacc" on wrapper $extern:wrap:$ge:Y_WIDTH=1:B_WIDTH=37:A_WIDTH=33:B_SIGNED=0:A_SIGNED=0:394426c56d1a028ba8fdd5469b163e04011def47.
Using template $extern:wrap:$ge:Y_WIDTH=1:B_WIDTH=37:A_WIDTH=33:B_SIGNED=0:A_SIGNED=0:394426c56d1a028ba8fdd5469b163e04011def47 for cells of type $extern:wrap:$ge:Y_WIDTH=1:B_WIDTH=37:A_WIDTH=33:B_SIGNED=0:A_SIGNED=0:394426c56d1a028ba8fdd5469b163e04011def47.
Running "alumacc" on wrapper $extern:wrap:$sub:Y_WIDTH=38:B_WIDTH=38:A_WIDTH=33:B_SIGNED=0:A_SIGNED=0:394426c56d1a028ba8fdd5469b163e04011def47.
Using template $extern:wrap:$sub:Y_WIDTH=38:B_WIDTH=38:A_WIDTH=33:B_SIGNED=0:A_SIGNED=0:394426c56d1a028ba8fdd5469b163e04011def47 for cells of type $extern:wrap:$sub:Y_WIDTH=38:B_WIDTH=38:A_WIDTH=33:B_SIGNED=0:A_SIGNED=0:394426c56d1a028ba8fdd5469b163e04011def47.
Running "alumacc" on wrapper $extern:wrap:$ge:Y_WIDTH=1:B_WIDTH=38:A_WIDTH=33:B_SIGNED=0:A_SIGNED=0:394426c56d1a028ba8fdd5469b163e04011def47.
Using template $extern:wrap:$ge:Y_WIDTH=1:B_WIDTH=38:A_WIDTH=33:B_SIGNED=0:A_SIGNED=0:394426c56d1a028ba8fdd5469b163e04011def47 for cells of type $extern:wrap:$ge:Y_WIDTH=1:B_WIDTH=38:A_WIDTH=33:B_SIGNED=0:A_SIGNED=0:394426c56d1a028ba8fdd5469b163e04011def47.
Running "alumacc" on wrapper $extern:wrap:$sub:Y_WIDTH=39:B_WIDTH=39:A_WIDTH=33:B_SIGNED=0:A_SIGNED=0:394426c56d1a028ba8fdd5469b163e04011def47.
Using template $extern:wrap:$sub:Y_WIDTH=39:B_WIDTH=39:A_WIDTH=33:B_SIGNED=0:A_SIGNED=0:394426c56d1a028ba8fdd5469b163e04011def47 for cells of type $extern:wrap:$sub:Y_WIDTH=39:B_WIDTH=39:A_WIDTH=33:B_SIGNED=0:A_SIGNED=0:394426c56d1a028ba8fdd5469b163e04011def47.
Running "alumacc" on wrapper $extern:wrap:$ge:Y_WIDTH=1:B_WIDTH=39:A_WIDTH=33:B_SIGNED=0:A_SIGNED=0:394426c56d1a028ba8fdd5469b163e04011def47.
Using template $extern:wrap:$ge:Y_WIDTH=1:B_WIDTH=39:A_WIDTH=33:B_SIGNED=0:A_SIGNED=0:394426c56d1a028ba8fdd5469b163e04011def47 for cells of type $extern:wrap:$ge:Y_WIDTH=1:B_WIDTH=39:A_WIDTH=33:B_SIGNED=0:A_SIGNED=0:394426c56d1a028ba8fdd5469b163e04011def47.
Running "alumacc" on wrapper $extern:wrap:$sub:Y_WIDTH=40:B_WIDTH=40:A_WIDTH=33:B_SIGNED=0:A_SIGNED=0:394426c56d1a028ba8fdd5469b163e04011def47.
Using template $extern:wrap:$sub:Y_WIDTH=40:B_WIDTH=40:A_WIDTH=33:B_SIGNED=0:A_SIGNED=0:394426c56d1a028ba8fdd5469b163e04011def47 for cells of type $extern:wrap:$sub:Y_WIDTH=40:B_WIDTH=40:A_WIDTH=33:B_SIGNED=0:A_SIGNED=0:394426c56d1a028ba8fdd5469b163e04011def47.
Running "alumacc" on wrapper $extern:wrap:$ge:Y_WIDTH=1:B_WIDTH=40:A_WIDTH=33:B_SIGNED=0:A_SIGNED=0:394426c56d1a028ba8fdd5469b163e04011def47.
Using template $extern:wrap:$ge:Y_WIDTH=1:B_WIDTH=40:A_WIDTH=33:B_SIGNED=0:A_SIGNED=0:394426c56d1a028ba8fdd5469b163e04011def47 for cells of type $extern:wrap:$ge:Y_WIDTH=1:B_WIDTH=40:A_WIDTH=33:B_SIGNED=0:A_SIGNED=0:394426c56d1a028ba8fdd5469b163e04011def47.
Running "alumacc" on wrapper $extern:wrap:$sub:Y_WIDTH=41:B_WIDTH=41:A_WIDTH=33:B_SIGNED=0:A_SIGNED=0:394426c56d1a028ba8fdd5469b163e04011def47.
Using template $extern:wrap:$sub:Y_WIDTH=41:B_WIDTH=41:A_WIDTH=33:B_SIGNED=0:A_SIGNED=0:394426c56d1a028ba8fdd5469b163e04011def47 for cells of type $extern:wrap:$sub:Y_WIDTH=41:B_WIDTH=41:A_WIDTH=33:B_SIGNED=0:A_SIGNED=0:394426c56d1a028ba8fdd5469b163e04011def47.
Running "alumacc" on wrapper $extern:wrap:$ge:Y_WIDTH=1:B_WIDTH=41:A_WIDTH=33:B_SIGNED=0:A_SIGNED=0:394426c56d1a028ba8fdd5469b163e04011def47.
Using template $extern:wrap:$ge:Y_WIDTH=1:B_WIDTH=41:A_WIDTH=33:B_SIGNED=0:A_SIGNED=0:394426c56d1a028ba8fdd5469b163e04011def47 for cells of type $extern:wrap:$ge:Y_WIDTH=1:B_WIDTH=41:A_WIDTH=33:B_SIGNED=0:A_SIGNED=0:394426c56d1a028ba8fdd5469b163e04011def47.
Running "alumacc" on wrapper $extern:wrap:$sub:Y_WIDTH=42:B_WIDTH=42:A_WIDTH=33:B_SIGNED=0:A_SIGNED=0:394426c56d1a028ba8fdd5469b163e04011def47.
Using template $extern:wrap:$sub:Y_WIDTH=42:B_WIDTH=42:A_WIDTH=33:B_SIGNED=0:A_SIGNED=0:394426c56d1a028ba8fdd5469b163e04011def47 for cells of type $extern:wrap:$sub:Y_WIDTH=42:B_WIDTH=42:A_WIDTH=33:B_SIGNED=0:A_SIGNED=0:394426c56d1a028ba8fdd5469b163e04011def47.
Running "alumacc" on wrapper $extern:wrap:$ge:Y_WIDTH=1:B_WIDTH=42:A_WIDTH=33:B_SIGNED=0:A_SIGNED=0:394426c56d1a028ba8fdd5469b163e04011def47.
Using template $extern:wrap:$ge:Y_WIDTH=1:B_WIDTH=42:A_WIDTH=33:B_SIGNED=0:A_SIGNED=0:394426c56d1a028ba8fdd5469b163e04011def47 for cells of type $extern:wrap:$ge:Y_WIDTH=1:B_WIDTH=42:A_WIDTH=33:B_SIGNED=0:A_SIGNED=0:394426c56d1a028ba8fdd5469b163e04011def47.
Running "alumacc" on wrapper $extern:wrap:$sub:Y_WIDTH=43:B_WIDTH=43:A_WIDTH=33:B_SIGNED=0:A_SIGNED=0:394426c56d1a028ba8fdd5469b163e04011def47.
Using template $extern:wrap:$sub:Y_WIDTH=43:B_WIDTH=43:A_WIDTH=33:B_SIGNED=0:A_SIGNED=0:394426c56d1a028ba8fdd5469b163e04011def47 for cells of type $extern:wrap:$sub:Y_WIDTH=43:B_WIDTH=43:A_WIDTH=33:B_SIGNED=0:A_SIGNED=0:394426c56d1a028ba8fdd5469b163e04011def47.
Running "alumacc" on wrapper $extern:wrap:$ge:Y_WIDTH=1:B_WIDTH=43:A_WIDTH=33:B_SIGNED=0:A_SIGNED=0:394426c56d1a028ba8fdd5469b163e04011def47.
Using template $extern:wrap:$ge:Y_WIDTH=1:B_WIDTH=43:A_WIDTH=33:B_SIGNED=0:A_SIGNED=0:394426c56d1a028ba8fdd5469b163e04011def47 for cells of type $extern:wrap:$ge:Y_WIDTH=1:B_WIDTH=43:A_WIDTH=33:B_SIGNED=0:A_SIGNED=0:394426c56d1a028ba8fdd5469b163e04011def47.
Running "alumacc" on wrapper $extern:wrap:$sub:Y_WIDTH=44:B_WIDTH=44:A_WIDTH=33:B_SIGNED=0:A_SIGNED=0:394426c56d1a028ba8fdd5469b163e04011def47.
Using template $extern:wrap:$sub:Y_WIDTH=44:B_WIDTH=44:A_WIDTH=33:B_SIGNED=0:A_SIGNED=0:394426c56d1a028ba8fdd5469b163e04011def47 for cells of type $extern:wrap:$sub:Y_WIDTH=44:B_WIDTH=44:A_WIDTH=33:B_SIGNED=0:A_SIGNED=0:394426c56d1a028ba8fdd5469b163e04011def47.
Running "alumacc" on wrapper $extern:wrap:$ge:Y_WIDTH=1:B_WIDTH=44:A_WIDTH=33:B_SIGNED=0:A_SIGNED=0:394426c56d1a028ba8fdd5469b163e04011def47.
Using template $extern:wrap:$ge:Y_WIDTH=1:B_WIDTH=44:A_WIDTH=33:B_SIGNED=0:A_SIGNED=0:394426c56d1a028ba8fdd5469b163e04011def47 for cells of type $extern:wrap:$ge:Y_WIDTH=1:B_WIDTH=44:A_WIDTH=33:B_SIGNED=0:A_SIGNED=0:394426c56d1a028ba8fdd5469b163e04011def47.
Running "alumacc" on wrapper $extern:wrap:$sub:Y_WIDTH=45:B_WIDTH=45:A_WIDTH=33:B_SIGNED=0:A_SIGNED=0:394426c56d1a028ba8fdd5469b163e04011def47.
Using template $extern:wrap:$sub:Y_WIDTH=45:B_WIDTH=45:A_WIDTH=33:B_SIGNED=0:A_SIGNED=0:394426c56d1a028ba8fdd5469b163e04011def47 for cells of type $extern:wrap:$sub:Y_WIDTH=45:B_WIDTH=45:A_WIDTH=33:B_SIGNED=0:A_SIGNED=0:394426c56d1a028ba8fdd5469b163e04011def47.
Running "alumacc" on wrapper $extern:wrap:$ge:Y_WIDTH=1:B_WIDTH=45:A_WIDTH=33:B_SIGNED=0:A_SIGNED=0:394426c56d1a028ba8fdd5469b163e04011def47.
Using template $extern:wrap:$ge:Y_WIDTH=1:B_WIDTH=45:A_WIDTH=33:B_SIGNED=0:A_SIGNED=0:394426c56d1a028ba8fdd5469b163e04011def47 for cells of type $extern:wrap:$ge:Y_WIDTH=1:B_WIDTH=45:A_WIDTH=33:B_SIGNED=0:A_SIGNED=0:394426c56d1a028ba8fdd5469b163e04011def47.
Running "alumacc" on wrapper $extern:wrap:$sub:Y_WIDTH=46:B_WIDTH=46:A_WIDTH=33:B_SIGNED=0:A_SIGNED=0:394426c56d1a028ba8fdd5469b163e04011def47.
Using template $extern:wrap:$sub:Y_WIDTH=46:B_WIDTH=46:A_WIDTH=33:B_SIGNED=0:A_SIGNED=0:394426c56d1a028ba8fdd5469b163e04011def47 for cells of type $extern:wrap:$sub:Y_WIDTH=46:B_WIDTH=46:A_WIDTH=33:B_SIGNED=0:A_SIGNED=0:394426c56d1a028ba8fdd5469b163e04011def47.
Running "alumacc" on wrapper $extern:wrap:$ge:Y_WIDTH=1:B_WIDTH=46:A_WIDTH=33:B_SIGNED=0:A_SIGNED=0:394426c56d1a028ba8fdd5469b163e04011def47.
Using template $extern:wrap:$ge:Y_WIDTH=1:B_WIDTH=46:A_WIDTH=33:B_SIGNED=0:A_SIGNED=0:394426c56d1a028ba8fdd5469b163e04011def47 for cells of type $extern:wrap:$ge:Y_WIDTH=1:B_WIDTH=46:A_WIDTH=33:B_SIGNED=0:A_SIGNED=0:394426c56d1a028ba8fdd5469b163e04011def47.
Running "alumacc" on wrapper $extern:wrap:$sub:Y_WIDTH=47:B_WIDTH=47:A_WIDTH=33:B_SIGNED=0:A_SIGNED=0:394426c56d1a028ba8fdd5469b163e04011def47.
Using template $extern:wrap:$sub:Y_WIDTH=47:B_WIDTH=47:A_WIDTH=33:B_SIGNED=0:A_SIGNED=0:394426c56d1a028ba8fdd5469b163e04011def47 for cells of type $extern:wrap:$sub:Y_WIDTH=47:B_WIDTH=47:A_WIDTH=33:B_SIGNED=0:A_SIGNED=0:394426c56d1a028ba8fdd5469b163e04011def47.
Running "alumacc" on wrapper $extern:wrap:$ge:Y_WIDTH=1:B_WIDTH=47:A_WIDTH=33:B_SIGNED=0:A_SIGNED=0:394426c56d1a028ba8fdd5469b163e04011def47.
Using template $extern:wrap:$ge:Y_WIDTH=1:B_WIDTH=47:A_WIDTH=33:B_SIGNED=0:A_SIGNED=0:394426c56d1a028ba8fdd5469b163e04011def47 for cells of type $extern:wrap:$ge:Y_WIDTH=1:B_WIDTH=47:A_WIDTH=33:B_SIGNED=0:A_SIGNED=0:394426c56d1a028ba8fdd5469b163e04011def47.
Running "alumacc" on wrapper $extern:wrap:$sub:Y_WIDTH=48:B_WIDTH=48:A_WIDTH=33:B_SIGNED=0:A_SIGNED=0:394426c56d1a028ba8fdd5469b163e04011def47.
Using template $extern:wrap:$sub:Y_WIDTH=48:B_WIDTH=48:A_WIDTH=33:B_SIGNED=0:A_SIGNED=0:394426c56d1a028ba8fdd5469b163e04011def47 for cells of type $extern:wrap:$sub:Y_WIDTH=48:B_WIDTH=48:A_WIDTH=33:B_SIGNED=0:A_SIGNED=0:394426c56d1a028ba8fdd5469b163e04011def47.
Running "alumacc" on wrapper $extern:wrap:$ge:Y_WIDTH=1:B_WIDTH=48:A_WIDTH=33:B_SIGNED=0:A_SIGNED=0:394426c56d1a028ba8fdd5469b163e04011def47.
Using template $extern:wrap:$ge:Y_WIDTH=1:B_WIDTH=48:A_WIDTH=33:B_SIGNED=0:A_SIGNED=0:394426c56d1a028ba8fdd5469b163e04011def47 for cells of type $extern:wrap:$ge:Y_WIDTH=1:B_WIDTH=48:A_WIDTH=33:B_SIGNED=0:A_SIGNED=0:394426c56d1a028ba8fdd5469b163e04011def47.
Running "alumacc" on wrapper $extern:wrap:$sub:Y_WIDTH=49:B_WIDTH=49:A_WIDTH=33:B_SIGNED=0:A_SIGNED=0:394426c56d1a028ba8fdd5469b163e04011def47.
Using template $extern:wrap:$sub:Y_WIDTH=49:B_WIDTH=49:A_WIDTH=33:B_SIGNED=0:A_SIGNED=0:394426c56d1a028ba8fdd5469b163e04011def47 for cells of type $extern:wrap:$sub:Y_WIDTH=49:B_WIDTH=49:A_WIDTH=33:B_SIGNED=0:A_SIGNED=0:394426c56d1a028ba8fdd5469b163e04011def47.
Running "alumacc" on wrapper $extern:wrap:$ge:Y_WIDTH=1:B_WIDTH=49:A_WIDTH=33:B_SIGNED=0:A_SIGNED=0:394426c56d1a028ba8fdd5469b163e04011def47.
Using template $extern:wrap:$ge:Y_WIDTH=1:B_WIDTH=49:A_WIDTH=33:B_SIGNED=0:A_SIGNED=0:394426c56d1a028ba8fdd5469b163e04011def47 for cells of type $extern:wrap:$ge:Y_WIDTH=1:B_WIDTH=49:A_WIDTH=33:B_SIGNED=0:A_SIGNED=0:394426c56d1a028ba8fdd5469b163e04011def47.
Running "alumacc" on wrapper $extern:wrap:$sub:Y_WIDTH=50:B_WIDTH=50:A_WIDTH=33:B_SIGNED=0:A_SIGNED=0:394426c56d1a028ba8fdd5469b163e04011def47.
Using template $extern:wrap:$sub:Y_WIDTH=50:B_WIDTH=50:A_WIDTH=33:B_SIGNED=0:A_SIGNED=0:394426c56d1a028ba8fdd5469b163e04011def47 for cells of type $extern:wrap:$sub:Y_WIDTH=50:B_WIDTH=50:A_WIDTH=33:B_SIGNED=0:A_SIGNED=0:394426c56d1a028ba8fdd5469b163e04011def47.
Running "alumacc" on wrapper $extern:wrap:$ge:Y_WIDTH=1:B_WIDTH=50:A_WIDTH=33:B_SIGNED=0:A_SIGNED=0:394426c56d1a028ba8fdd5469b163e04011def47.
Using template $extern:wrap:$ge:Y_WIDTH=1:B_WIDTH=50:A_WIDTH=33:B_SIGNED=0:A_SIGNED=0:394426c56d1a028ba8fdd5469b163e04011def47 for cells of type $extern:wrap:$ge:Y_WIDTH=1:B_WIDTH=50:A_WIDTH=33:B_SIGNED=0:A_SIGNED=0:394426c56d1a028ba8fdd5469b163e04011def47.
Running "alumacc" on wrapper $extern:wrap:$sub:Y_WIDTH=51:B_WIDTH=51:A_WIDTH=33:B_SIGNED=0:A_SIGNED=0:394426c56d1a028ba8fdd5469b163e04011def47.
Using template $extern:wrap:$sub:Y_WIDTH=51:B_WIDTH=51:A_WIDTH=33:B_SIGNED=0:A_SIGNED=0:394426c56d1a028ba8fdd5469b163e04011def47 for cells of type $extern:wrap:$sub:Y_WIDTH=51:B_WIDTH=51:A_WIDTH=33:B_SIGNED=0:A_SIGNED=0:394426c56d1a028ba8fdd5469b163e04011def47.
Running "alumacc" on wrapper $extern:wrap:$ge:Y_WIDTH=1:B_WIDTH=51:A_WIDTH=33:B_SIGNED=0:A_SIGNED=0:394426c56d1a028ba8fdd5469b163e04011def47.
Using template $extern:wrap:$ge:Y_WIDTH=1:B_WIDTH=51:A_WIDTH=33:B_SIGNED=0:A_SIGNED=0:394426c56d1a028ba8fdd5469b163e04011def47 for cells of type $extern:wrap:$ge:Y_WIDTH=1:B_WIDTH=51:A_WIDTH=33:B_SIGNED=0:A_SIGNED=0:394426c56d1a028ba8fdd5469b163e04011def47.
Running "alumacc" on wrapper $extern:wrap:$sub:Y_WIDTH=52:B_WIDTH=52:A_WIDTH=33:B_SIGNED=0:A_SIGNED=0:394426c56d1a028ba8fdd5469b163e04011def47.
Using template $extern:wrap:$sub:Y_WIDTH=52:B_WIDTH=52:A_WIDTH=33:B_SIGNED=0:A_SIGNED=0:394426c56d1a028ba8fdd5469b163e04011def47 for cells of type $extern:wrap:$sub:Y_WIDTH=52:B_WIDTH=52:A_WIDTH=33:B_SIGNED=0:A_SIGNED=0:394426c56d1a028ba8fdd5469b163e04011def47.
Running "alumacc" on wrapper $extern:wrap:$ge:Y_WIDTH=1:B_WIDTH=52:A_WIDTH=33:B_SIGNED=0:A_SIGNED=0:394426c56d1a028ba8fdd5469b163e04011def47.
Using template $extern:wrap:$ge:Y_WIDTH=1:B_WIDTH=52:A_WIDTH=33:B_SIGNED=0:A_SIGNED=0:394426c56d1a028ba8fdd5469b163e04011def47 for cells of type $extern:wrap:$ge:Y_WIDTH=1:B_WIDTH=52:A_WIDTH=33:B_SIGNED=0:A_SIGNED=0:394426c56d1a028ba8fdd5469b163e04011def47.
Running "alumacc" on wrapper $extern:wrap:$sub:Y_WIDTH=53:B_WIDTH=53:A_WIDTH=33:B_SIGNED=0:A_SIGNED=0:394426c56d1a028ba8fdd5469b163e04011def47.
Using template $extern:wrap:$sub:Y_WIDTH=53:B_WIDTH=53:A_WIDTH=33:B_SIGNED=0:A_SIGNED=0:394426c56d1a028ba8fdd5469b163e04011def47 for cells of type $extern:wrap:$sub:Y_WIDTH=53:B_WIDTH=53:A_WIDTH=33:B_SIGNED=0:A_SIGNED=0:394426c56d1a028ba8fdd5469b163e04011def47.
Running "alumacc" on wrapper $extern:wrap:$ge:Y_WIDTH=1:B_WIDTH=53:A_WIDTH=33:B_SIGNED=0:A_SIGNED=0:394426c56d1a028ba8fdd5469b163e04011def47.
Using template $extern:wrap:$ge:Y_WIDTH=1:B_WIDTH=53:A_WIDTH=33:B_SIGNED=0:A_SIGNED=0:394426c56d1a028ba8fdd5469b163e04011def47 for cells of type $extern:wrap:$ge:Y_WIDTH=1:B_WIDTH=53:A_WIDTH=33:B_SIGNED=0:A_SIGNED=0:394426c56d1a028ba8fdd5469b163e04011def47.
Running "alumacc" on wrapper $extern:wrap:$sub:Y_WIDTH=54:B_WIDTH=54:A_WIDTH=33:B_SIGNED=0:A_SIGNED=0:394426c56d1a028ba8fdd5469b163e04011def47.
Using template $extern:wrap:$sub:Y_WIDTH=54:B_WIDTH=54:A_WIDTH=33:B_SIGNED=0:A_SIGNED=0:394426c56d1a028ba8fdd5469b163e04011def47 for cells of type $extern:wrap:$sub:Y_WIDTH=54:B_WIDTH=54:A_WIDTH=33:B_SIGNED=0:A_SIGNED=0:394426c56d1a028ba8fdd5469b163e04011def47.
Running "alumacc" on wrapper $extern:wrap:$ge:Y_WIDTH=1:B_WIDTH=54:A_WIDTH=33:B_SIGNED=0:A_SIGNED=0:394426c56d1a028ba8fdd5469b163e04011def47.
Using template $extern:wrap:$ge:Y_WIDTH=1:B_WIDTH=54:A_WIDTH=33:B_SIGNED=0:A_SIGNED=0:394426c56d1a028ba8fdd5469b163e04011def47 for cells of type $extern:wrap:$ge:Y_WIDTH=1:B_WIDTH=54:A_WIDTH=33:B_SIGNED=0:A_SIGNED=0:394426c56d1a028ba8fdd5469b163e04011def47.
Running "alumacc" on wrapper $extern:wrap:$sub:Y_WIDTH=55:B_WIDTH=55:A_WIDTH=33:B_SIGNED=0:A_SIGNED=0:394426c56d1a028ba8fdd5469b163e04011def47.
Using template $extern:wrap:$sub:Y_WIDTH=55:B_WIDTH=55:A_WIDTH=33:B_SIGNED=0:A_SIGNED=0:394426c56d1a028ba8fdd5469b163e04011def47 for cells of type $extern:wrap:$sub:Y_WIDTH=55:B_WIDTH=55:A_WIDTH=33:B_SIGNED=0:A_SIGNED=0:394426c56d1a028ba8fdd5469b163e04011def47.
Running "alumacc" on wrapper $extern:wrap:$ge:Y_WIDTH=1:B_WIDTH=55:A_WIDTH=33:B_SIGNED=0:A_SIGNED=0:394426c56d1a028ba8fdd5469b163e04011def47.
Using template $extern:wrap:$ge:Y_WIDTH=1:B_WIDTH=55:A_WIDTH=33:B_SIGNED=0:A_SIGNED=0:394426c56d1a028ba8fdd5469b163e04011def47 for cells of type $extern:wrap:$ge:Y_WIDTH=1:B_WIDTH=55:A_WIDTH=33:B_SIGNED=0:A_SIGNED=0:394426c56d1a028ba8fdd5469b163e04011def47.
Running "alumacc" on wrapper $extern:wrap:$sub:Y_WIDTH=56:B_WIDTH=56:A_WIDTH=33:B_SIGNED=0:A_SIGNED=0:394426c56d1a028ba8fdd5469b163e04011def47.
Using template $extern:wrap:$sub:Y_WIDTH=56:B_WIDTH=56:A_WIDTH=33:B_SIGNED=0:A_SIGNED=0:394426c56d1a028ba8fdd5469b163e04011def47 for cells of type $extern:wrap:$sub:Y_WIDTH=56:B_WIDTH=56:A_WIDTH=33:B_SIGNED=0:A_SIGNED=0:394426c56d1a028ba8fdd5469b163e04011def47.
Running "alumacc" on wrapper $extern:wrap:$ge:Y_WIDTH=1:B_WIDTH=56:A_WIDTH=33:B_SIGNED=0:A_SIGNED=0:394426c56d1a028ba8fdd5469b163e04011def47.
Using template $extern:wrap:$ge:Y_WIDTH=1:B_WIDTH=56:A_WIDTH=33:B_SIGNED=0:A_SIGNED=0:394426c56d1a028ba8fdd5469b163e04011def47 for cells of type $extern:wrap:$ge:Y_WIDTH=1:B_WIDTH=56:A_WIDTH=33:B_SIGNED=0:A_SIGNED=0:394426c56d1a028ba8fdd5469b163e04011def47.
Running "alumacc" on wrapper $extern:wrap:$sub:Y_WIDTH=57:B_WIDTH=57:A_WIDTH=33:B_SIGNED=0:A_SIGNED=0:394426c56d1a028ba8fdd5469b163e04011def47.
Using template $extern:wrap:$sub:Y_WIDTH=57:B_WIDTH=57:A_WIDTH=33:B_SIGNED=0:A_SIGNED=0:394426c56d1a028ba8fdd5469b163e04011def47 for cells of type $extern:wrap:$sub:Y_WIDTH=57:B_WIDTH=57:A_WIDTH=33:B_SIGNED=0:A_SIGNED=0:394426c56d1a028ba8fdd5469b163e04011def47.
Running "alumacc" on wrapper $extern:wrap:$ge:Y_WIDTH=1:B_WIDTH=57:A_WIDTH=33:B_SIGNED=0:A_SIGNED=0:394426c56d1a028ba8fdd5469b163e04011def47.
Using template $extern:wrap:$ge:Y_WIDTH=1:B_WIDTH=57:A_WIDTH=33:B_SIGNED=0:A_SIGNED=0:394426c56d1a028ba8fdd5469b163e04011def47 for cells of type $extern:wrap:$ge:Y_WIDTH=1:B_WIDTH=57:A_WIDTH=33:B_SIGNED=0:A_SIGNED=0:394426c56d1a028ba8fdd5469b163e04011def47.
Running "alumacc" on wrapper $extern:wrap:$sub:Y_WIDTH=58:B_WIDTH=58:A_WIDTH=33:B_SIGNED=0:A_SIGNED=0:394426c56d1a028ba8fdd5469b163e04011def47.
Using template $extern:wrap:$sub:Y_WIDTH=58:B_WIDTH=58:A_WIDTH=33:B_SIGNED=0:A_SIGNED=0:394426c56d1a028ba8fdd5469b163e04011def47 for cells of type $extern:wrap:$sub:Y_WIDTH=58:B_WIDTH=58:A_WIDTH=33:B_SIGNED=0:A_SIGNED=0:394426c56d1a028ba8fdd5469b163e04011def47.
Running "alumacc" on wrapper $extern:wrap:$ge:Y_WIDTH=1:B_WIDTH=58:A_WIDTH=33:B_SIGNED=0:A_SIGNED=0:394426c56d1a028ba8fdd5469b163e04011def47.
Using template $extern:wrap:$ge:Y_WIDTH=1:B_WIDTH=58:A_WIDTH=33:B_SIGNED=0:A_SIGNED=0:394426c56d1a028ba8fdd5469b163e04011def47 for cells of type $extern:wrap:$ge:Y_WIDTH=1:B_WIDTH=58:A_WIDTH=33:B_SIGNED=0:A_SIGNED=0:394426c56d1a028ba8fdd5469b163e04011def47.
Running "alumacc" on wrapper $extern:wrap:$sub:Y_WIDTH=59:B_WIDTH=59:A_WIDTH=33:B_SIGNED=0:A_SIGNED=0:394426c56d1a028ba8fdd5469b163e04011def47.
Using template $extern:wrap:$sub:Y_WIDTH=59:B_WIDTH=59:A_WIDTH=33:B_SIGNED=0:A_SIGNED=0:394426c56d1a028ba8fdd5469b163e04011def47 for cells of type $extern:wrap:$sub:Y_WIDTH=59:B_WIDTH=59:A_WIDTH=33:B_SIGNED=0:A_SIGNED=0:394426c56d1a028ba8fdd5469b163e04011def47.
Running "alumacc" on wrapper $extern:wrap:$ge:Y_WIDTH=1:B_WIDTH=59:A_WIDTH=33:B_SIGNED=0:A_SIGNED=0:394426c56d1a028ba8fdd5469b163e04011def47.
Using template $extern:wrap:$ge:Y_WIDTH=1:B_WIDTH=59:A_WIDTH=33:B_SIGNED=0:A_SIGNED=0:394426c56d1a028ba8fdd5469b163e04011def47 for cells of type $extern:wrap:$ge:Y_WIDTH=1:B_WIDTH=59:A_WIDTH=33:B_SIGNED=0:A_SIGNED=0:394426c56d1a028ba8fdd5469b163e04011def47.
Running "alumacc" on wrapper $extern:wrap:$sub:Y_WIDTH=60:B_WIDTH=60:A_WIDTH=33:B_SIGNED=0:A_SIGNED=0:394426c56d1a028ba8fdd5469b163e04011def47.
Using template $extern:wrap:$sub:Y_WIDTH=60:B_WIDTH=60:A_WIDTH=33:B_SIGNED=0:A_SIGNED=0:394426c56d1a028ba8fdd5469b163e04011def47 for cells of type $extern:wrap:$sub:Y_WIDTH=60:B_WIDTH=60:A_WIDTH=33:B_SIGNED=0:A_SIGNED=0:394426c56d1a028ba8fdd5469b163e04011def47.
Running "alumacc" on wrapper $extern:wrap:$ge:Y_WIDTH=1:B_WIDTH=60:A_WIDTH=33:B_SIGNED=0:A_SIGNED=0:394426c56d1a028ba8fdd5469b163e04011def47.
Using template $extern:wrap:$ge:Y_WIDTH=1:B_WIDTH=60:A_WIDTH=33:B_SIGNED=0:A_SIGNED=0:394426c56d1a028ba8fdd5469b163e04011def47 for cells of type $extern:wrap:$ge:Y_WIDTH=1:B_WIDTH=60:A_WIDTH=33:B_SIGNED=0:A_SIGNED=0:394426c56d1a028ba8fdd5469b163e04011def47.
Running "alumacc" on wrapper $extern:wrap:$sub:Y_WIDTH=61:B_WIDTH=61:A_WIDTH=33:B_SIGNED=0:A_SIGNED=0:394426c56d1a028ba8fdd5469b163e04011def47.
Using template $extern:wrap:$sub:Y_WIDTH=61:B_WIDTH=61:A_WIDTH=33:B_SIGNED=0:A_SIGNED=0:394426c56d1a028ba8fdd5469b163e04011def47 for cells of type $extern:wrap:$sub:Y_WIDTH=61:B_WIDTH=61:A_WIDTH=33:B_SIGNED=0:A_SIGNED=0:394426c56d1a028ba8fdd5469b163e04011def47.
Running "alumacc" on wrapper $extern:wrap:$ge:Y_WIDTH=1:B_WIDTH=61:A_WIDTH=33:B_SIGNED=0:A_SIGNED=0:394426c56d1a028ba8fdd5469b163e04011def47.
Using template $extern:wrap:$ge:Y_WIDTH=1:B_WIDTH=61:A_WIDTH=33:B_SIGNED=0:A_SIGNED=0:394426c56d1a028ba8fdd5469b163e04011def47 for cells of type $extern:wrap:$ge:Y_WIDTH=1:B_WIDTH=61:A_WIDTH=33:B_SIGNED=0:A_SIGNED=0:394426c56d1a028ba8fdd5469b163e04011def47.
Running "alumacc" on wrapper $extern:wrap:$sub:Y_WIDTH=62:B_WIDTH=62:A_WIDTH=33:B_SIGNED=0:A_SIGNED=0:394426c56d1a028ba8fdd5469b163e04011def47.
Using template $extern:wrap:$sub:Y_WIDTH=62:B_WIDTH=62:A_WIDTH=33:B_SIGNED=0:A_SIGNED=0:394426c56d1a028ba8fdd5469b163e04011def47 for cells of type $extern:wrap:$sub:Y_WIDTH=62:B_WIDTH=62:A_WIDTH=33:B_SIGNED=0:A_SIGNED=0:394426c56d1a028ba8fdd5469b163e04011def47.
Running "alumacc" on wrapper $extern:wrap:$ge:Y_WIDTH=1:B_WIDTH=62:A_WIDTH=33:B_SIGNED=0:A_SIGNED=0:394426c56d1a028ba8fdd5469b163e04011def47.
Using template $extern:wrap:$ge:Y_WIDTH=1:B_WIDTH=62:A_WIDTH=33:B_SIGNED=0:A_SIGNED=0:394426c56d1a028ba8fdd5469b163e04011def47 for cells of type $extern:wrap:$ge:Y_WIDTH=1:B_WIDTH=62:A_WIDTH=33:B_SIGNED=0:A_SIGNED=0:394426c56d1a028ba8fdd5469b163e04011def47.
Running "alumacc" on wrapper $extern:wrap:$sub:Y_WIDTH=63:B_WIDTH=63:A_WIDTH=33:B_SIGNED=0:A_SIGNED=0:394426c56d1a028ba8fdd5469b163e04011def47.
Using template $extern:wrap:$sub:Y_WIDTH=63:B_WIDTH=63:A_WIDTH=33:B_SIGNED=0:A_SIGNED=0:394426c56d1a028ba8fdd5469b163e04011def47 for cells of type $extern:wrap:$sub:Y_WIDTH=63:B_WIDTH=63:A_WIDTH=33:B_SIGNED=0:A_SIGNED=0:394426c56d1a028ba8fdd5469b163e04011def47.
Running "alumacc" on wrapper $extern:wrap:$ge:Y_WIDTH=1:B_WIDTH=63:A_WIDTH=33:B_SIGNED=0:A_SIGNED=0:394426c56d1a028ba8fdd5469b163e04011def47.
Using template $extern:wrap:$ge:Y_WIDTH=1:B_WIDTH=63:A_WIDTH=33:B_SIGNED=0:A_SIGNED=0:394426c56d1a028ba8fdd5469b163e04011def47 for cells of type $extern:wrap:$ge:Y_WIDTH=1:B_WIDTH=63:A_WIDTH=33:B_SIGNED=0:A_SIGNED=0:394426c56d1a028ba8fdd5469b163e04011def47.
Running "alumacc" on wrapper $extern:wrap:$sub:Y_WIDTH=64:B_WIDTH=64:A_WIDTH=33:B_SIGNED=0:A_SIGNED=0:394426c56d1a028ba8fdd5469b163e04011def47.
Using template $extern:wrap:$sub:Y_WIDTH=64:B_WIDTH=64:A_WIDTH=33:B_SIGNED=0:A_SIGNED=0:394426c56d1a028ba8fdd5469b163e04011def47 for cells of type $extern:wrap:$sub:Y_WIDTH=64:B_WIDTH=64:A_WIDTH=33:B_SIGNED=0:A_SIGNED=0:394426c56d1a028ba8fdd5469b163e04011def47.
Running "alumacc" on wrapper $extern:wrap:$ge:Y_WIDTH=1:B_WIDTH=64:A_WIDTH=33:B_SIGNED=0:A_SIGNED=0:394426c56d1a028ba8fdd5469b163e04011def47.
Using template $extern:wrap:$ge:Y_WIDTH=1:B_WIDTH=64:A_WIDTH=33:B_SIGNED=0:A_SIGNED=0:394426c56d1a028ba8fdd5469b163e04011def47 for cells of type $extern:wrap:$ge:Y_WIDTH=1:B_WIDTH=64:A_WIDTH=33:B_SIGNED=0:A_SIGNED=0:394426c56d1a028ba8fdd5469b163e04011def47.
Running "alumacc" on wrapper $extern:wrap:$sub:Y_WIDTH=65:B_WIDTH=65:A_WIDTH=33:B_SIGNED=0:A_SIGNED=0:394426c56d1a028ba8fdd5469b163e04011def47.
Using template $extern:wrap:$sub:Y_WIDTH=65:B_WIDTH=65:A_WIDTH=33:B_SIGNED=0:A_SIGNED=0:394426c56d1a028ba8fdd5469b163e04011def47 for cells of type $extern:wrap:$sub:Y_WIDTH=65:B_WIDTH=65:A_WIDTH=33:B_SIGNED=0:A_SIGNED=0:394426c56d1a028ba8fdd5469b163e04011def47.
Running "alumacc" on wrapper $extern:wrap:$ge:Y_WIDTH=1:B_WIDTH=65:A_WIDTH=33:B_SIGNED=0:A_SIGNED=0:394426c56d1a028ba8fdd5469b163e04011def47.
Using template $extern:wrap:$ge:Y_WIDTH=1:B_WIDTH=65:A_WIDTH=33:B_SIGNED=0:A_SIGNED=0:394426c56d1a028ba8fdd5469b163e04011def47 for cells of type $extern:wrap:$ge:Y_WIDTH=1:B_WIDTH=65:A_WIDTH=33:B_SIGNED=0:A_SIGNED=0:394426c56d1a028ba8fdd5469b163e04011def47.
Using template $paramod\_90_lcu_brent_kung\WIDTH=32'00000000000000000000000000100001 for cells of type $lcu.
Using template $paramod$cc6a978c1b57cdb49efcec348c88d8e28bf1a01f\_90_alu for cells of type $alu.
Using extmapper simplemap for cells of type $reduce_and.
Using template $paramod$66f4d26ff378933eb12ea14eb9e3e72193112f68\_90_alu for cells of type $alu.
Using template $paramod$f14f58a9dc953225774ed36f8cd52bde0fedcb71\_90_alu for cells of type $alu.
Using template $paramod$a7260b544fbad3ecb8c199adb8411a5a130453c9\_90_alu for cells of type $alu.
Using template $paramod$a9242bca79862a7659b9b983a18f5ac6ea6a7433\_90_alu for cells of type $alu.
Using template $paramod$fe592371df89fd56a552cad9e4e228d0e2157a09\_90_alu for cells of type $alu.
Using template $paramod$6bc296dde5719e833698f3cf04d06295044d1e25\_90_alu for cells of type $alu.
Using template $paramod$9ad7a6267efe506852f4afa25e263d668768b291\_90_alu for cells of type $alu.
Using template $paramod$c546b4f2cb8040b2bb6ac111535cc8fd1100fe5a\_90_alu for cells of type $alu.
Using template $paramod$d2608cab65eadf578ed22c11852183c64a4794d6\_90_alu for cells of type $alu.
Using template $paramod$f5362d272f1bdde39b3761b64f1782fd6080f7eb\_90_alu for cells of type $alu.
Using template $paramod$0cabc5f867fea2e697a62451b7be046b1b62b59d\_90_alu for cells of type $alu.
Using template $paramod$032e6a5109297833d4cbed055812dc8a30e993b4\_90_alu for cells of type $alu.
Using template $paramod$30af2f8124d6b4afcd34f31ff530ec03e76ca9b4\_90_alu for cells of type $alu.
Using template $paramod$cc1407be07f8e1e54886ef620e63d047d1ca1813\_90_alu for cells of type $alu.
Using template $paramod$1729bc839225b826a817c02c1748f1a83567dbfe\_90_alu for cells of type $alu.
Using template $paramod$62de0aa059b1237474e30af7988eea99ed833be6\_90_alu for cells of type $alu.
Using template $paramod$e2b0dd7971fc8bfe1bf8e180c1f03e586c072686\_90_alu for cells of type $alu.
Using template $paramod$a9e266bc30aaed0abbd1dc643d6fe98d896f5104\_90_alu for cells of type $alu.
Using template $paramod$d595eeb1c73672ceafa0c1b1297b1f11a6064d44\_90_alu for cells of type $alu.
Using template $paramod$0db8778394e549de91682b0c3ec02f41b29e1dfe\_90_alu for cells of type $alu.
Using template $paramod$7cd90b2bbeb7ca8ae47b510eab3671e7de2ab6cd\_90_alu for cells of type $alu.
Using template $paramod$9d411443c1236ab4b0071355b46ac4a6f240a2cc\_90_alu for cells of type $alu.
Using template $paramod$dde1a3927437b0fc5f67d439beed18b4c6ecb0e6\_90_alu for cells of type $alu.
Using template $paramod$215bc039315b6c0d0dd6586da4e831ca7aefc20c\_90_alu for cells of type $alu.
Using template $paramod$8b5556ad5869da5c406bb321a81ab650246de821\_90_alu for cells of type $alu.
Using template $paramod$e66c230f1a34e5a2571158194ceecbf1989fdb36\_90_alu for cells of type $alu.
Using template $paramod$f71a32ff0c95c06748789a26d2b166eec5ae6b5a\_90_alu for cells of type $alu.
Using template $paramod$b1e65b06490a8cd5996f72ad10f3a59245ed9ba1\_90_alu for cells of type $alu.
Using template $paramod$16b6ac4765d4deaa60b5e8a3f49cb01ff2b4f634\_90_alu for cells of type $alu.
Using template $paramod$497fbd9bd08802bd5c1fef72c6e0a4730710d9ea\_90_alu for cells of type $alu.
Using template $paramod$afce5005fe1872b96c3b25fa8deba299c4d92d75\_90_alu for cells of type $alu.
Using template $paramod$c1a24180bc1daf1fb95d17515c9f4a0f6ae78486\_90_alu for cells of type $alu.
Using template $paramod\_90_lcu_brent_kung\WIDTH=32'00000000000000000000000000100010 for cells of type $lcu.
Using template $paramod\_90_lcu_brent_kung\WIDTH=32'00000000000000000000000000100011 for cells of type $lcu.
Using template $paramod\_90_lcu_brent_kung\WIDTH=32'00000000000000000000000000100100 for cells of type $lcu.
Using template $paramod\_90_lcu_brent_kung\WIDTH=32'00000000000000000000000000100101 for cells of type $lcu.
Using template $paramod\_90_lcu_brent_kung\WIDTH=32'00000000000000000000000000100110 for cells of type $lcu.
Using template $paramod\_90_lcu_brent_kung\WIDTH=32'00000000000000000000000000100111 for cells of type $lcu.
Using template $paramod\_90_lcu_brent_kung\WIDTH=32'00000000000000000000000000101000 for cells of type $lcu.
Using template $paramod\_90_lcu_brent_kung\WIDTH=32'00000000000000000000000000101001 for cells of type $lcu.
Using template $paramod\_90_lcu_brent_kung\WIDTH=32'00000000000000000000000000101010 for cells of type $lcu.
Using template $paramod\_90_lcu_brent_kung\WIDTH=32'00000000000000000000000000101011 for cells of type $lcu.
Using template $paramod\_90_lcu_brent_kung\WIDTH=32'00000000000000000000000000101100 for cells of type $lcu.
Using template $paramod\_90_lcu_brent_kung\WIDTH=32'00000000000000000000000000101101 for cells of type $lcu.
Using template $paramod\_90_lcu_brent_kung\WIDTH=32'00000000000000000000000000101110 for cells of type $lcu.
Using template $paramod\_90_lcu_brent_kung\WIDTH=32'00000000000000000000000000101111 for cells of type $lcu.
Using template $paramod\_90_lcu_brent_kung\WIDTH=32'00000000000000000000000000110000 for cells of type $lcu.
Using template $paramod\_90_lcu_brent_kung\WIDTH=32'00000000000000000000000000110001 for cells of type $lcu.
Using template $paramod\_90_lcu_brent_kung\WIDTH=32'00000000000000000000000000110010 for cells of type $lcu.
Using template $paramod\_90_lcu_brent_kung\WIDTH=32'00000000000000000000000000110011 for cells of type $lcu.
Using template $paramod\_90_lcu_brent_kung\WIDTH=32'00000000000000000000000000110100 for cells of type $lcu.
Using template $paramod\_90_lcu_brent_kung\WIDTH=32'00000000000000000000000000110101 for cells of type $lcu.
Using template $paramod\_90_lcu_brent_kung\WIDTH=32'00000000000000000000000000110110 for cells of type $lcu.
Using template $paramod\_90_lcu_brent_kung\WIDTH=32'00000000000000000000000000110111 for cells of type $lcu.
Using template $paramod\_90_lcu_brent_kung\WIDTH=32'00000000000000000000000000111000 for cells of type $lcu.
Using template $paramod\_90_lcu_brent_kung\WIDTH=32'00000000000000000000000000111001 for cells of type $lcu.
Using template $paramod\_90_lcu_brent_kung\WIDTH=32'00000000000000000000000000111010 for cells of type $lcu.
Using template $paramod\_90_lcu_brent_kung\WIDTH=32'00000000000000000000000000111011 for cells of type $lcu.
Using template $paramod\_90_lcu_brent_kung\WIDTH=32'00000000000000000000000000111100 for cells of type $lcu.
Using template $paramod\_90_lcu_brent_kung\WIDTH=32'00000000000000000000000000111101 for cells of type $lcu.
Using template $paramod\_90_lcu_brent_kung\WIDTH=32'00000000000000000000000000111110 for cells of type $lcu.
Using template $paramod\_90_lcu_brent_kung\WIDTH=32'00000000000000000000000000111111 for cells of type $lcu.
Using template $paramod\_90_lcu_brent_kung\WIDTH=32'00000000000000000000000001000001 for cells of type $lcu.
Using extmapper simplemap for cells of type $adff.
Using extmapper simplemap for cells of type $adffe.
Using template $paramod$bf2533632d512eac76dd186c0da49367e29b8e98\_90_pmux for cells of type $pmux.
Using template $paramod$constmap:66d421c313e4e958be776b99540ac2de3b59fdbc$paramod$77562a466236eb4a6d905351a0995599b75075cb\_90_shift_ops_shr_shl_sshl_sshr for cells of type $shl.
Using template $paramod$constmap:033396ec3a3ef58404634c1ac70ac883b74533a9$paramod$cbc044d1bfac1f26bafb5691fcbb649e98f6b6fc\_90_shift_ops_shr_shl_sshl_sshr for cells of type $shl.
Using template $paramod$cc80a4e89b0341cb117f5d28b0e7244620640141\_90_alu for cells of type $alu.
Using template $paramod$521ce43182eecb9f60c72393a788160d2c356bf5\_90_pmux for cells of type $pmux.
Using template $paramod$33afdd83bf3811dac2de7a968d39eea5718691bc\_90_pmux for cells of type $pmux.
Using template $paramod$2653f68ddb8eab7b1907b4a20767b72a824a7a36\_90_alu for cells of type $alu.
Using template $paramod$constmap:4621fcf06a436d1e2a4080e2ed9866a7d07a6e07$paramod$335cfd09f1afa8139c4aafcbbe5f361887b79c5e\_90_shift_ops_shr_shl_sshl_sshr for cells of type $shl.
Using template $paramod$constmap:4621fcf06a436d1e2a4080e2ed9866a7d07a6e07$paramod$feecc7a0dbd012970970f2858f15e786e251f677\_90_shift_ops_shr_shl_sshl_sshr for cells of type $shr.
Using template $paramod$constmap:4621fcf06a436d1e2a4080e2ed9866a7d07a6e07$paramod$e765c459d3029c22a22a27989e94858fd9ebfa9c\_90_shift_ops_shr_shl_sshl_sshr for cells of type $sshr.
Using template $paramod$fbc7873bff55778c0b3173955b7e4bce1d9d6834\_90_alu for cells of type $alu.
Using template $paramod$104d3d1e82b09b030a785dad8a5e608a6d4401f7\_90_pmux for cells of type $pmux.
Using template $paramod\_90_lcu_brent_kung\WIDTH=32'00000000000000000000000000100000 for cells of type $lcu.
Using template $paramod$8fabc56b80a569262acfc42757a02ca0b8e91278\_90_pmux for cells of type $pmux.
Using template $paramod$eaeb96106163dbf82031649d189817109fe07c69\_90_pmux for cells of type $pmux.
Using template $paramod$44a13d10af618e7fbe7b9aad2f6151ffcee1e2fa\_90_alu for cells of type $alu.
Using extmapper simplemap for cells of type $logic_or.
Using template $paramod\_90_lcu_brent_kung\WIDTH=32'00000000000000000000000000011110 for cells of type $lcu.
No more expansions possible.
<suppressed ~45085 debug messages>

23.21. Executing OPT pass (performing simple optimizations).

23.21.1. Executing OPT_EXPR pass (perform const folding).
Optimizing module $paramod$66ed5c7c5398c9e4f923964ad0d3f2bb6d6bf8df\rv32_pipeline.
<suppressed ~1126 debug messages>
Optimizing module $paramod$b8444ee5d410294404e4c3b3bbb6e8ef9e9ec507\imem.
Optimizing module alu.
<suppressed ~266 debug messages>
Optimizing module alu_control.
<suppressed ~119 debug messages>
Optimizing module control_unit.
<suppressed ~69 debug messages>
Optimizing module csr_unit.
<suppressed ~1196 debug messages>
Optimizing module decoder.
Optimizing module dmem.
<suppressed ~2 debug messages>
Optimizing module ex_mem_reg.
Optimizing module forwarding_unit.
<suppressed ~2 debug messages>
Optimizing module id_ex_reg.
<suppressed ~2 debug messages>
Optimizing module if_id_reg.
<suppressed ~2 debug messages>
Optimizing module mem_wb_reg.
Optimizing module muldiv.
<suppressed ~41338 debug messages>
Optimizing module regfile.
<suppressed ~64 debug messages>
Optimizing module soc_top.

23.21.2. Executing OPT_MERGE pass (detect identical cells).
Finding identical cells in module `$paramod$66ed5c7c5398c9e4f923964ad0d3f2bb6d6bf8df\rv32_pipeline'.
<suppressed ~1725 debug messages>
Finding identical cells in module `$paramod$b8444ee5d410294404e4c3b3bbb6e8ef9e9ec507\imem'.
Finding identical cells in module `\alu'.
<suppressed ~1380 debug messages>
Finding identical cells in module `\alu_control'.
<suppressed ~96 debug messages>
Finding identical cells in module `\control_unit'.
<suppressed ~177 debug messages>
Finding identical cells in module `\csr_unit'.
<suppressed ~333 debug messages>
Finding identical cells in module `\decoder'.
Finding identical cells in module `\dmem'.
<suppressed ~15 debug messages>
Finding identical cells in module `\ex_mem_reg'.
Finding identical cells in module `\forwarding_unit'.
Finding identical cells in module `\id_ex_reg'.
Finding identical cells in module `\if_id_reg'.
Finding identical cells in module `\mem_wb_reg'.
Finding identical cells in module `\muldiv'.
<suppressed ~99990 debug messages>
Finding identical cells in module `\regfile'.
Finding identical cells in module `\soc_top'.
Removed a total of 34572 cells.

23.21.3. Executing OPT_DFF pass (perform DFF optimizations).

23.21.4. Executing OPT_CLEAN pass (remove unused cells and wires).
Finding unused cells or wires in module $paramod$66ed5c7c5398c9e4f923964ad0d3f2bb6d6bf8df\rv32_pipeline..
Finding unused cells or wires in module $paramod$b8444ee5d410294404e4c3b3bbb6e8ef9e9ec507\imem..
Finding unused cells or wires in module \alu..
Finding unused cells or wires in module \alu_control..
Finding unused cells or wires in module \control_unit..
Finding unused cells or wires in module \csr_unit..
Finding unused cells or wires in module \decoder..
Finding unused cells or wires in module \dmem..
Finding unused cells or wires in module \ex_mem_reg..
Finding unused cells or wires in module \forwarding_unit..
Finding unused cells or wires in module \id_ex_reg..
Finding unused cells or wires in module \if_id_reg..
Finding unused cells or wires in module \mem_wb_reg..
Finding unused cells or wires in module \muldiv..
Finding unused cells or wires in module \regfile..
Finding unused cells or wires in module \soc_top..
Removed 4579 unused cells and 28406 unused wires.
<suppressed ~4590 debug messages>

23.21.5. Finished fast OPT passes.

23.22. Executing ABC pass (technology mapping using ABC).

23.22.1. Extracting gate netlist of module `$paramod$66ed5c7c5398c9e4f923964ad0d3f2bb6d6bf8df\rv32_pipeline' to `<abc-temp-dir>/input.blif'..
Replacing 2 occurrences of constant undef bits with constant zero bits
Extracted 2149 gates and 2820 wires to a netlist network with 669 inputs and 333 outputs.

23.22.1.1. Executing ABC.
Running ABC command: "<yosys-exe-dir>/yosys-abc" -s -f <abc-temp-dir>/abc.script 2>&1
ABC: ABC command line: "source <abc-temp-dir>/abc.script".
ABC: 
ABC: + read_blif <abc-temp-dir>/input.blif 
ABC: + read_library <abc-temp-dir>/stdcells.genlib 
ABC: + strash 
ABC: + dretime 
ABC: + map 
ABC: + write_blif <abc-temp-dir>/output.blif 

23.22.1.2. Re-integrating ABC results.
ABC RESULTS:               AND cells:       65
ABC RESULTS:            ANDNOT cells:      421
ABC RESULTS:               MUX cells:      803
ABC RESULTS:              NAND cells:       79
ABC RESULTS:               NOR cells:      106
ABC RESULTS:               NOT cells:       20
ABC RESULTS:                OR cells:      237
ABC RESULTS:             ORNOT cells:       63
ABC RESULTS:              XNOR cells:       83
ABC RESULTS:               XOR cells:      143
ABC RESULTS:        internal signals:     1818
ABC RESULTS:           input signals:      669
ABC RESULTS:          output signals:      333
Removing temp directory.

23.22.2. Extracting gate netlist of module `$paramod$b8444ee5d410294404e4c3b3bbb6e8ef9e9ec507\imem' to `<abc-temp-dir>/input.blif'..
Extracted 0 gates and 0 wires to a netlist network with 0 inputs and 0 outputs.
Don't call ABC as there is nothing to map.
Removing temp directory.

23.22.3. Extracting gate netlist of module `\alu' to `<abc-temp-dir>/input.blif'..
Extracted 1485 gates and 1554 wires to a netlist network with 68 inputs and 33 outputs.

23.22.3.1. Executing ABC.
Running ABC command: "<yosys-exe-dir>/yosys-abc" -s -f <abc-temp-dir>/abc.script 2>&1
ABC: ABC command line: "source <abc-temp-dir>/abc.script".
ABC: 
ABC: + read_blif <abc-temp-dir>/input.blif 
ABC: + read_library <abc-temp-dir>/stdcells.genlib 
ABC: + strash 
ABC: + dretime 
ABC: + map 
ABC: + write_blif <abc-temp-dir>/output.blif 

23.22.3.2. Re-integrating ABC results.
ABC RESULTS:               AND cells:       57
ABC RESULTS:            ANDNOT cells:      552
ABC RESULTS:               MUX cells:      310
ABC RESULTS:              NAND cells:       64
ABC RESULTS:               NOR cells:       30
ABC RESULTS:               NOT cells:       31
ABC RESULTS:                OR cells:      261
ABC RESULTS:             ORNOT cells:       64
ABC RESULTS:              XNOR cells:       33
ABC RESULTS:               XOR cells:       63
ABC RESULTS:        internal signals:     1453
ABC RESULTS:           input signals:       68
ABC RESULTS:          output signals:       33
Removing temp directory.

23.22.4. Extracting gate netlist of module `\alu_control' to `<abc-temp-dir>/input.blif'..
Extracted 54 gates and 61 wires to a netlist network with 6 inputs and 4 outputs.

23.22.4.1. Executing ABC.
Running ABC command: "<yosys-exe-dir>/yosys-abc" -s -f <abc-temp-dir>/abc.script 2>&1
ABC: ABC command line: "source <abc-temp-dir>/abc.script".
ABC: 
ABC: + read_blif <abc-temp-dir>/input.blif 
ABC: + read_library <abc-temp-dir>/stdcells.genlib 
ABC: + strash 
ABC: + dretime 
ABC: + map 
ABC: + write_blif <abc-temp-dir>/output.blif 

23.22.4.2. Re-integrating ABC results.
ABC RESULTS:               AND cells:        5
ABC RESULTS:            ANDNOT cells:       16
ABC RESULTS:               MUX cells:        5
ABC RESULTS:              NAND cells:        1
ABC RESULTS:               NOR cells:        1
ABC RESULTS:               NOT cells:        1
ABC RESULTS:                OR cells:        6
ABC RESULTS:             ORNOT cells:        3
ABC RESULTS:              XNOR cells:        1
ABC RESULTS:        internal signals:       51
ABC RESULTS:           input signals:        6
ABC RESULTS:          output signals:        4
Removing temp directory.

23.22.5. Extracting gate netlist of module `\control_unit' to `<abc-temp-dir>/input.blif'..
Extracted 57 gates and 65 wires to a netlist network with 7 inputs and 11 outputs.

23.22.5.1. Executing ABC.
Running ABC command: "<yosys-exe-dir>/yosys-abc" -s -f <abc-temp-dir>/abc.script 2>&1
ABC: ABC command line: "source <abc-temp-dir>/abc.script".
ABC: 
ABC: + read_blif <abc-temp-dir>/input.blif 
ABC: + read_library <abc-temp-dir>/stdcells.genlib 
ABC: + strash 
ABC: + dretime 
ABC: + map 
ABC: + write_blif <abc-temp-dir>/output.blif 

23.22.5.2. Re-integrating ABC results.
ABC RESULTS:               AND cells:        2
ABC RESULTS:            ANDNOT cells:       10
ABC RESULTS:              NAND cells:        3
ABC RESULTS:               NOR cells:        3
ABC RESULTS:                OR cells:       20
ABC RESULTS:             ORNOT cells:        3
ABC RESULTS:        internal signals:       47
ABC RESULTS:           input signals:        7
ABC RESULTS:          output signals:       11
Removing temp directory.

23.22.6. Extracting gate netlist of module `\csr_unit' to `<abc-temp-dir>/input.blif'..
Extracted 807 gates and 1218 wires to a netlist network with 410 inputs and 228 outputs.

23.22.6.1. Executing ABC.
Running ABC command: "<yosys-exe-dir>/yosys-abc" -s -f <abc-temp-dir>/abc.script 2>&1
ABC: ABC command line: "source <abc-temp-dir>/abc.script".
ABC: 
ABC: + read_blif <abc-temp-dir>/input.blif 
ABC: + read_library <abc-temp-dir>/stdcells.genlib 
ABC: + strash 
ABC: + dretime 
ABC: + map 
ABC: + write_blif <abc-temp-dir>/output.blif 

23.22.6.2. Re-integrating ABC results.
ABC RESULTS:               AND cells:       45
ABC RESULTS:            ANDNOT cells:      110
ABC RESULTS:               MUX cells:      320
ABC RESULTS:              NAND cells:       63
ABC RESULTS:               NOR cells:        4
ABC RESULTS:               NOT cells:        3
ABC RESULTS:                OR cells:       91
ABC RESULTS:             ORNOT cells:       24
ABC RESULTS:              XNOR cells:       22
ABC RESULTS:               XOR cells:      104
ABC RESULTS:        internal signals:      580
ABC RESULTS:           input signals:      410
ABC RESULTS:          output signals:      228
Removing temp directory.

23.22.7. Extracting gate netlist of module `\decoder' to `<abc-temp-dir>/input.blif'..
Extracted 0 gates and 0 wires to a netlist network with 0 inputs and 0 outputs.
Don't call ABC as there is nothing to map.
Removing temp directory.

23.22.8. Extracting gate netlist of module `\dmem' to `<abc-temp-dir>/input.blif'..
Extracted 35 gates and 42 wires to a netlist network with 6 inputs and 6 outputs.

23.22.8.1. Executing ABC.
Running ABC command: "<yosys-exe-dir>/yosys-abc" -s -f <abc-temp-dir>/abc.script 2>&1
ABC: ABC command line: "source <abc-temp-dir>/abc.script".
ABC: 
ABC: + read_blif <abc-temp-dir>/input.blif 
ABC: + read_library <abc-temp-dir>/stdcells.genlib 
ABC: + strash 
ABC: + dretime 
ABC: + map 
ABC: + write_blif <abc-temp-dir>/output.blif 

23.22.8.2. Re-integrating ABC results.
ABC RESULTS:            ANDNOT cells:        7
ABC RESULTS:               MUX cells:        4
ABC RESULTS:              NAND cells:        2
ABC RESULTS:               NOR cells:        3
ABC RESULTS:               NOT cells:        1
ABC RESULTS:                OR cells:        9
ABC RESULTS:             ORNOT cells:        3
ABC RESULTS:        internal signals:       30
ABC RESULTS:           input signals:        6
ABC RESULTS:          output signals:        6
Removing temp directory.

23.22.9. Extracting gate netlist of module `\ex_mem_reg' to `<abc-temp-dir>/input.blif'..
Extracted 111 gates and 224 wires to a netlist network with 112 inputs and 111 outputs.

23.22.9.1. Executing ABC.
Running ABC command: "<yosys-exe-dir>/yosys-abc" -s -f <abc-temp-dir>/abc.script 2>&1
ABC: ABC command line: "source <abc-temp-dir>/abc.script".
ABC: 
ABC: + read_blif <abc-temp-dir>/input.blif 
ABC: + read_library <abc-temp-dir>/stdcells.genlib 
ABC: + strash 
ABC: + dretime 
ABC: + map 
ABC: + write_blif <abc-temp-dir>/output.blif 

23.22.9.2. Re-integrating ABC results.
ABC RESULTS:            ANDNOT cells:      111
ABC RESULTS:        internal signals:        1
ABC RESULTS:           input signals:      112
ABC RESULTS:          output signals:      111
Removing temp directory.

23.22.10. Extracting gate netlist of module `\forwarding_unit' to `<abc-temp-dir>/input.blif'..
Extracted 56 gates and 79 wires to a netlist network with 22 inputs and 4 outputs.

23.22.10.1. Executing ABC.
Running ABC command: "<yosys-exe-dir>/yosys-abc" -s -f <abc-temp-dir>/abc.script 2>&1
ABC: ABC command line: "source <abc-temp-dir>/abc.script".
ABC: 
ABC: + read_blif <abc-temp-dir>/input.blif 
ABC: + read_library <abc-temp-dir>/stdcells.genlib 
ABC: + strash 
ABC: + dretime 
ABC: + map 
ABC: + write_blif <abc-temp-dir>/output.blif 

23.22.10.2. Re-integrating ABC results.
ABC RESULTS:            ANDNOT cells:        6
ABC RESULTS:              NAND cells:        1
ABC RESULTS:               NOR cells:        3
ABC RESULTS:                OR cells:       22
ABC RESULTS:               XOR cells:       20
ABC RESULTS:        internal signals:       53
ABC RESULTS:           input signals:       22
ABC RESULTS:          output signals:        4
Removing temp directory.

23.22.11. Extracting gate netlist of module `\id_ex_reg' to `<abc-temp-dir>/input.blif'..
Extracted 206 gates and 414 wires to a netlist network with 206 inputs and 205 outputs.

23.22.11.1. Executing ABC.
Running ABC command: "<yosys-exe-dir>/yosys-abc" -s -f <abc-temp-dir>/abc.script 2>&1
ABC: ABC command line: "source <abc-temp-dir>/abc.script".
ABC: 
ABC: + read_blif <abc-temp-dir>/input.blif 
ABC: + read_library <abc-temp-dir>/stdcells.genlib 
ABC: + strash 
ABC: + dretime 
ABC: + map 
ABC: + write_blif <abc-temp-dir>/output.blif 

23.22.11.2. Re-integrating ABC results.
ABC RESULTS:            ANDNOT cells:      198
ABC RESULTS:                OR cells:        6
ABC RESULTS:             ORNOT cells:        1
ABC RESULTS:        internal signals:        3
ABC RESULTS:           input signals:      206
ABC RESULTS:          output signals:      205
Removing temp directory.

23.22.12. Extracting gate netlist of module `\if_id_reg' to `<abc-temp-dir>/input.blif'..
Extracted 66 gates and 134 wires to a netlist network with 66 inputs and 65 outputs.

23.22.12.1. Executing ABC.
Running ABC command: "<yosys-exe-dir>/yosys-abc" -s -f <abc-temp-dir>/abc.script 2>&1
ABC: ABC command line: "source <abc-temp-dir>/abc.script".
ABC: 
ABC: + read_blif <abc-temp-dir>/input.blif 
ABC: + read_library <abc-temp-dir>/stdcells.genlib 
ABC: + strash 
ABC: + dretime 
ABC: + map 
ABC: + write_blif <abc-temp-dir>/output.blif 

23.22.12.2. Re-integrating ABC results.
ABC RESULTS:            ANDNOT cells:       61
ABC RESULTS:                OR cells:        3
ABC RESULTS:             ORNOT cells:        1
ABC RESULTS:        internal signals:        3
ABC RESULTS:           input signals:       66
ABC RESULTS:          output signals:       65
Removing temp directory.

23.22.13. Extracting gate netlist of module `\mem_wb_reg' to `<abc-temp-dir>/input.blif'..
Extracted 0 gates and 0 wires to a netlist network with 0 inputs and 0 outputs.
Don't call ABC as there is nothing to map.
Removing temp directory.

23.22.14. Extracting gate netlist of module `\muldiv' to `<abc-temp-dir>/input.blif'..
Extracted 33320 gates and 33389 wires to a netlist network with 67 inputs and 32 outputs.

23.22.14.1. Executing ABC.
Running ABC command: "<yosys-exe-dir>/yosys-abc" -s -f <abc-temp-dir>/abc.script 2>&1
ABC: ABC command line: "source <abc-temp-dir>/abc.script".
ABC: 
ABC: + read_blif <abc-temp-dir>/input.blif 
ABC: + read_library <abc-temp-dir>/stdcells.genlib 
ABC: + strash 
ABC: + dretime 
ABC: + map 
ABC: + write_blif <abc-temp-dir>/output.blif 

23.22.14.2. Re-integrating ABC results.
ABC RESULTS:               AND cells:     1490
ABC RESULTS:            ANDNOT cells:    11715
ABC RESULTS:               MUX cells:     2213
ABC RESULTS:              NAND cells:      610
ABC RESULTS:               NOR cells:     1961
ABC RESULTS:               NOT cells:     1640
ABC RESULTS:                OR cells:     3832
ABC RESULTS:             ORNOT cells:      869
ABC RESULTS:              XNOR cells:     3132
ABC RESULTS:               XOR cells:     5416
ABC RESULTS:        internal signals:    33290
ABC RESULTS:           input signals:       67
ABC RESULTS:          output signals:       32
Removing temp directory.

23.22.15. Extracting gate netlist of module `\regfile' to `<abc-temp-dir>/input.blif'..
Extracted 2232 gates and 3305 wires to a netlist network with 1072 inputs and 96 outputs.

23.22.15.1. Executing ABC.
Running ABC command: "<yosys-exe-dir>/yosys-abc" -s -f <abc-temp-dir>/abc.script 2>&1
ABC: ABC command line: "source <abc-temp-dir>/abc.script".
ABC: 
ABC: + read_blif <abc-temp-dir>/input.blif 
ABC: + read_library <abc-temp-dir>/stdcells.genlib 
ABC: + strash 
ABC: + dretime 
ABC: + map 
ABC: + write_blif <abc-temp-dir>/output.blif 

23.22.15.2. Re-integrating ABC results.
ABC RESULTS:               AND cells:        1
ABC RESULTS:            ANDNOT cells:      101
ABC RESULTS:               MUX cells:     2048
ABC RESULTS:              NAND cells:        2
ABC RESULTS:               NOR cells:        2
ABC RESULTS:               NOT cells:        9
ABC RESULTS:                OR cells:       56
ABC RESULTS:             ORNOT cells:        4
ABC RESULTS:               XOR cells:       10
ABC RESULTS:        internal signals:     2137
ABC RESULTS:           input signals:     1072
ABC RESULTS:          output signals:       96
Removing temp directory.

23.22.16. Extracting gate netlist of module `\soc_top' to `<abc-temp-dir>/input.blif'..
Extracted 0 gates and 0 wires to a netlist network with 0 inputs and 0 outputs.
Don't call ABC as there is nothing to map.
Removing temp directory.

23.23. Executing OPT pass (performing simple optimizations).

23.23.1. Executing OPT_EXPR pass (perform const folding).
Optimizing module $paramod$66ed5c7c5398c9e4f923964ad0d3f2bb6d6bf8df\rv32_pipeline.
<suppressed ~34 debug messages>
Optimizing module $paramod$b8444ee5d410294404e4c3b3bbb6e8ef9e9ec507\imem.
Optimizing module alu.
<suppressed ~120 debug messages>
Optimizing module alu_control.
Optimizing module control_unit.
Optimizing module csr_unit.
Optimizing module decoder.
Optimizing module dmem.
Optimizing module ex_mem_reg.
Optimizing module forwarding_unit.
Optimizing module id_ex_reg.
Optimizing module if_id_reg.
Optimizing module mem_wb_reg.
Optimizing module muldiv.
Optimizing module regfile.
<suppressed ~960 debug messages>
Optimizing module soc_top.

23.23.2. Executing OPT_MERGE pass (detect identical cells).
Finding identical cells in module `$paramod$66ed5c7c5398c9e4f923964ad0d3f2bb6d6bf8df\rv32_pipeline'.
Finding identical cells in module `$paramod$b8444ee5d410294404e4c3b3bbb6e8ef9e9ec507\imem'.
Finding identical cells in module `\alu'.
<suppressed ~3 debug messages>
Finding identical cells in module `\alu_control'.
Finding identical cells in module `\control_unit'.
Finding identical cells in module `\csr_unit'.
Finding identical cells in module `\decoder'.
Finding identical cells in module `\dmem'.
Finding identical cells in module `\ex_mem_reg'.
Finding identical cells in module `\forwarding_unit'.
Finding identical cells in module `\id_ex_reg'.
Finding identical cells in module `\if_id_reg'.
Finding identical cells in module `\mem_wb_reg'.
Finding identical cells in module `\muldiv'.
<suppressed ~606 debug messages>
Finding identical cells in module `\regfile'.
Finding identical cells in module `\soc_top'.
Removed a total of 203 cells.

23.23.3. Executing OPT_DFF pass (perform DFF optimizations).

23.23.4. Executing OPT_CLEAN pass (remove unused cells and wires).
Finding unused cells or wires in module $paramod$66ed5c7c5398c9e4f923964ad0d3f2bb6d6bf8df\rv32_pipeline..
Finding unused cells or wires in module $paramod$b8444ee5d410294404e4c3b3bbb6e8ef9e9ec507\imem..
Finding unused cells or wires in module \alu..
Finding unused cells or wires in module \alu_control..
Finding unused cells or wires in module \control_unit..
Finding unused cells or wires in module \csr_unit..
Finding unused cells or wires in module \decoder..
Finding unused cells or wires in module \dmem..
Finding unused cells or wires in module \ex_mem_reg..
Finding unused cells or wires in module \forwarding_unit..
Finding unused cells or wires in module \id_ex_reg..
Finding unused cells or wires in module \if_id_reg..
Finding unused cells or wires in module \mem_wb_reg..
Finding unused cells or wires in module \muldiv..
Finding unused cells or wires in module \regfile..
Finding unused cells or wires in module \soc_top..
Removed 9 unused cells and 13033 unused wires.
<suppressed ~39 debug messages>

23.23.5. Finished fast OPT passes.

23.24. Executing HIERARCHY pass (managing design hierarchy).
Attribute `top' found on module `soc_top'. Setting top module to soc_top.

23.24.1. Analyzing design hierarchy..
Top module:  \soc_top
Used module:     $paramod$66ed5c7c5398c9e4f923964ad0d3f2bb6d6bf8df\rv32_pipeline
Used module:         \alu
Used module:         \alu_control
Used module:         \control_unit
Used module:         \csr_unit
Used module:         \decoder
Used module:         \dmem
Used module:         \ex_mem_reg
Used module:         \forwarding_unit
Used module:         \id_ex_reg
Used module:         \if_id_reg
Used module:         $paramod$b8444ee5d410294404e4c3b3bbb6e8ef9e9ec507\imem
Used module:         \mem_wb_reg
Used module:         \muldiv
Used module:         \regfile

23.24.2. Analyzing design hierarchy..
Top module:  \soc_top
Used module:     $paramod$66ed5c7c5398c9e4f923964ad0d3f2bb6d6bf8df\rv32_pipeline
Used module:         \alu
Used module:         \alu_control
Used module:         \control_unit
Used module:         \csr_unit
Used module:         \decoder
Used module:         \dmem
Used module:         \ex_mem_reg
Used module:         \forwarding_unit
Used module:         \id_ex_reg
Used module:         \if_id_reg
Used module:         $paramod$b8444ee5d410294404e4c3b3bbb6e8ef9e9ec507\imem
Used module:         \mem_wb_reg
Used module:         \muldiv
Used module:         \regfile
Removed 0 unused modules.

23.25. Printing statistics.

=== $paramod$66ed5c7c5398c9e4f923964ad0d3f2bb6d6bf8df\rv32_pipeline ===

   Number of wires:               1809
   Number of wire bits:           3245
   Number of public wires:         118
   Number of public wire bits:    1554
   Number of ports:                  3
   Number of port bits:             34
   Number of memories:               0
   Number of memory bits:            0
   Number of processes:              0
   Number of cells:               2066
     $_ANDNOT_                     421
     $_AND_                         65
     $_DFFE_PN0P_                   32
     $_MUX_                        803
     $_NAND_                        79
     $_NOR_                        106
     $_NOT_                         20
     $_ORNOT_                       63
     $_OR_                         237
     $_XNOR_                        83
     $_XOR_                        143
     $paramod$b8444ee5d410294404e4c3b3bbb6e8ef9e9ec507\imem      1
     alu                             1
     alu_control                     1
     control_unit                    1
     csr_unit                        1
     decoder                         1
     dmem                            1
     ex_mem_reg                      1
     forwarding_unit                 1
     id_ex_reg                       1
     if_id_reg                       1
     mem_wb_reg                      1
     muldiv                          1
     regfile                         1

=== $paramod$b8444ee5d410294404e4c3b3bbb6e8ef9e9ec507\imem ===

   Number of wires:                  3
   Number of wire bits:             65
   Number of public wires:           3
   Number of public wire bits:      65
   Number of ports:                  3
   Number of port bits:             65
   Number of memories:               0
   Number of memory bits:            0
   Number of processes:              0
   Number of cells:                  1
     sky130_sram_2kbyte_1rw1r_32x512_8      1

=== alu ===

   Number of wires:               1433
   Number of wire bits:           1529
   Number of public wires:           5
   Number of public wire bits:     101
   Number of ports:                  5
   Number of port bits:            101
   Number of memories:               0
   Number of memory bits:            0
   Number of processes:              0
   Number of cells:               1461
     $_ANDNOT_                     552
     $_AND_                         57
     $_MUX_                        310
     $_NAND_                        64
     $_NOR_                         30
     $_NOT_                         28
     $_ORNOT_                       64
     $_OR_                         261
     $_XNOR_                        32
     $_XOR_                         63

=== alu_control ===

   Number of wires:                 39
   Number of wire bits:             51
   Number of public wires:           4
   Number of public wire bits:      16
   Number of ports:                  4
   Number of port bits:             16
   Number of memories:               0
   Number of memory bits:            0
   Number of processes:              0
   Number of cells:                 39
     $_ANDNOT_                      16
     $_AND_                          5
     $_MUX_                          5
     $_NAND_                         1
     $_NOR_                          1
     $_NOT_                          1
     $_ORNOT_                        3
     $_OR_                           6
     $_XNOR_                         1

=== control_unit ===

   Number of wires:                 42
   Number of wire bits:             49
   Number of public wires:          12
   Number of public wire bits:      19
   Number of ports:                 12
   Number of port bits:             19
   Number of memories:               0
   Number of memory bits:            0
   Number of processes:              0
   Number of cells:                 41
     $_ANDNOT_                      10
     $_AND_                          2
     $_NAND_                         3
     $_NOR_                          3
     $_ORNOT_                        3
     $_OR_                          20

=== csr_unit ===

   Number of wires:                588
   Number of wire bits:           1391
   Number of public wires:          20
   Number of public wire bits:     509
   Number of ports:                 14
   Number of port bits:            253
   Number of memories:               0
   Number of memory bits:            0
   Number of processes:              0
   Number of cells:               1042
     $_ANDNOT_                     110
     $_AND_                         45
     $_DFFE_PN0P_                  192
     $_DFF_PN0_                     64
     $_MUX_                        320
     $_NAND_                        63
     $_NOR_                          4
     $_NOT_                          3
     $_ORNOT_                       24
     $_OR_                          91
     $_XNOR_                        22
     $_XOR_                        104

=== decoder ===

   Number of wires:                 12
   Number of wire bits:            224
   Number of public wires:          12
   Number of public wire bits:     224
   Number of ports:                 12
   Number of port bits:            224
   Number of memories:               0
   Number of memory bits:            0
   Number of processes:              0
   Number of cells:                  0

=== dmem ===

   Number of wires:                 35
   Number of wire bits:            195
   Number of public wires:          10
   Number of public wire bits:     170
   Number of ports:                  9
   Number of port bits:            166
   Number of memories:               0
   Number of memory bits:            0
   Number of processes:              0
   Number of cells:                 30
     $_ANDNOT_                       7
     $_MUX_                          4
     $_NAND_                         2
     $_NOR_                          3
     $_NOT_                          1
     $_ORNOT_                        3
     $_OR_                           9
     sky130_sram_2kbyte_1rw1r_32x512_8      1

=== ex_mem_reg ===

   Number of wires:                 39
   Number of wire bits:            336
   Number of public wires:          27
   Number of public wire bits:     225
   Number of ports:                 27
   Number of port bits:            225
   Number of memories:               0
   Number of memory bits:            0
   Number of processes:              0
   Number of cells:                222
     $_ANDNOT_                     111
     $_DFF_PN0_                    111

=== forwarding_unit ===

   Number of wires:                 56
   Number of wire bits:             74
   Number of public wires:           8
   Number of public wire bits:      26
   Number of ports:                  8
   Number of port bits:             26
   Number of memories:               0
   Number of memory bits:            0
   Number of processes:              0
   Number of cells:                 52
     $_ANDNOT_                       6
     $_NAND_                         1
     $_NOR_                          3
     $_OR_                          22
     $_XOR_                         20

=== id_ex_reg ===

   Number of wires:                 71
   Number of wire bits:            617
   Number of public wires:          48
   Number of public wire bits:     412
   Number of ports:                 48
   Number of port bits:            412
   Number of memories:               0
   Number of memory bits:            0
   Number of processes:              0
   Number of cells:                409
     $_ANDNOT_                     198
     $_DFFE_PN0P_                  198
     $_DFFE_PN1P_                    6
     $_ORNOT_                        1
     $_OR_                           6

=== if_id_reg ===

   Number of wires:                 11
   Number of wire bits:            197
   Number of public wires:           8
   Number of public wire bits:     132
   Number of ports:                  8
   Number of port bits:            132
   Number of memories:               0
   Number of memory bits:            0
   Number of processes:              0
   Number of cells:                129
     $_ANDNOT_                      61
     $_DFFE_PN0P_                   61
     $_DFFE_PN1P_                    3
     $_ORNOT_                        1
     $_OR_                           3

=== mem_wb_reg ===

   Number of wires:                 22
   Number of wire bits:            278
   Number of public wires:          22
   Number of public wire bits:     278
   Number of ports:                 22
   Number of port bits:            278
   Number of memories:               0
   Number of memory bits:            0
   Number of processes:              0
   Number of cells:                138
     $_DFF_PN0_                    138

=== muldiv ===

   Number of wires:              32650
   Number of wire bits:          32807
   Number of public wires:           6
   Number of public wire bits:     163
   Number of ports:                  4
   Number of port bits:             99
   Number of memories:               0
   Number of memory bits:            0
   Number of processes:              0
   Number of cells:              32676
     $_ANDNOT_                   11525
     $_AND_                       1486
     $_MUX_                       2213
     $_NAND_                       608
     $_NOR_                       1961
     $_NOT_                       1638
     $_ORNOT_                      868
     $_OR_                        3829
     $_XNOR_                      3132
     $_XOR_                       5416

=== regfile ===

   Number of wires:               2203
   Number of wire bits:           3300
   Number of public wires:          40
   Number of public wire bits:    1137
   Number of ports:                  8
   Number of port bits:            113
   Number of memories:               0
   Number of memory bits:            0
   Number of processes:              0
   Number of cells:               3251
     $_ANDNOT_                     101
     $_AND_                          1
     $_DFFE_PP_                   1024
     $_MUX_                       2048
     $_NAND_                         2
     $_NOR_                          2
     $_NOT_                          3
     $_ORNOT_                        4
     $_OR_                          56
     $_XOR_                         10

=== soc_top ===

   Number of wires:                  3
   Number of wire bits:             34
   Number of public wires:           3
   Number of public wire bits:      34
   Number of ports:                  3
   Number of port bits:             34
   Number of memories:               0
   Number of memory bits:            0
   Number of processes:              0
   Number of cells:                  1
     $paramod$66ed5c7c5398c9e4f923964ad0d3f2bb6d6bf8df\rv32_pipeline      1

=== design hierarchy ===

   soc_top                           1
     $paramod$66ed5c7c5398c9e4f923964ad0d3f2bb6d6bf8df\rv32_pipeline      1
       $paramod$b8444ee5d410294404e4c3b3bbb6e8ef9e9ec507\imem      1
       alu                           1
       alu_control                   1
       control_unit                  1
       csr_unit                      1
       decoder                       1
       dmem                          1
       ex_mem_reg                    1
       forwarding_unit               1
       id_ex_reg                     1
       if_id_reg                     1
       mem_wb_reg                    1
       muldiv                        1
       regfile                       1

   Number of wires:              39016
   Number of wire bits:          44392
   Number of public wires:         346
   Number of public wire bits:    5065
   Number of ports:                190
   Number of port bits:           2197
   Number of memories:               0
   Number of memory bits:            0
   Number of processes:              0
   Number of cells:              41543
     $_ANDNOT_                   13118
     $_AND_                       1661
     $_DFFE_PN0P_                  483
     $_DFFE_PN1P_                    9
     $_DFFE_PP_                   1024
     $_DFF_PN0_                    313
     $_MUX_                       5703
     $_NAND_                       823
     $_NOR_                       2113
     $_NOT_                       1694
     $_ORNOT_                     1034
     $_OR_                        4540
     $_XNOR_                      3270
     $_XOR_                       5756
     sky130_sram_2kbyte_1rw1r_32x512_8      2

23.26. Executing CHECK pass (checking for obvious problems).
Checking module $paramod$66ed5c7c5398c9e4f923964ad0d3f2bb6d6bf8df\rv32_pipeline...
Checking module $paramod$b8444ee5d410294404e4c3b3bbb6e8ef9e9ec507\imem...
Checking module alu...
Checking module alu_control...
Checking module control_unit...
Checking module csr_unit...
Checking module decoder...
Checking module dmem...
Checking module ex_mem_reg...
Checking module forwarding_unit...
Checking module id_ex_reg...
Checking module if_id_reg...
Checking module mem_wb_reg...
Checking module muldiv...
Checking module regfile...
Checking module soc_top...
Found and reported 0 problems.

24. Executing FLATTEN pass (flatten design).
Deleting now unused module $paramod$66ed5c7c5398c9e4f923964ad0d3f2bb6d6bf8df\rv32_pipeline.
Deleting now unused module $paramod$b8444ee5d410294404e4c3b3bbb6e8ef9e9ec507\imem.
Deleting now unused module alu.
Deleting now unused module alu_control.
Deleting now unused module control_unit.
Deleting now unused module csr_unit.
Deleting now unused module decoder.
Deleting now unused module dmem.
Deleting now unused module ex_mem_reg.
Deleting now unused module forwarding_unit.
Deleting now unused module id_ex_reg.
Deleting now unused module if_id_reg.
Deleting now unused module mem_wb_reg.
Deleting now unused module muldiv.
Deleting now unused module regfile.
<suppressed ~15 debug messages>

25. Executing DFFLIBMAP pass (mapping DFF cells to sequential cells from liberty file).
  cell sky130_fd_sc_hd__dfxtp_1 (noninv, pins=3, area=20.02) is a direct match for cell type $_DFF_P_.
  cell sky130_fd_sc_hd__dfrtn_1 (noninv, pins=4, area=25.02) is a direct match for cell type $_DFF_NN0_.
  cell sky130_fd_sc_hd__dfrtp_1 (noninv, pins=4, area=25.02) is a direct match for cell type $_DFF_PN0_.
  cell sky130_fd_sc_hd__dfstp_2 (noninv, pins=4, area=26.28) is a direct match for cell type $_DFF_PN1_.
  cell sky130_fd_sc_hd__edfxtp_1 (noninv, pins=4, area=30.03) is a direct match for cell type $_DFFE_PP_.
  cell sky130_fd_sc_hd__dfbbn_1 (noninv, pins=6, area=32.53) is a direct match for cell type $_DFFSR_NNN_.
  cell sky130_fd_sc_hd__dfbbp_1 (noninv, pins=6, area=32.53) is a direct match for cell type $_DFFSR_PNN_.
  final dff cell mappings:
    unmapped dff cell: $_DFF_N_
    \sky130_fd_sc_hd__dfxtp_1 _DFF_P_ (.CLK( C), .D( D), .Q( Q));
    \sky130_fd_sc_hd__dfrtn_1 _DFF_NN0_ (.CLK_N( C), .D( D), .Q( Q), .RESET_B( R));
    unmapped dff cell: $_DFF_NN1_
    unmapped dff cell: $_DFF_NP0_
    unmapped dff cell: $_DFF_NP1_
    \sky130_fd_sc_hd__dfrtp_1 _DFF_PN0_ (.CLK( C), .D( D), .Q( Q), .RESET_B( R));
    \sky130_fd_sc_hd__dfstp_2 _DFF_PN1_ (.CLK( C), .D( D), .Q( Q), .SET_B( R));
    unmapped dff cell: $_DFF_PP0_
    unmapped dff cell: $_DFF_PP1_
    unmapped dff cell: $_DFFE_NN_
    unmapped dff cell: $_DFFE_NP_
    unmapped dff cell: $_DFFE_PN_
    \sky130_fd_sc_hd__edfxtp_1 _DFFE_PP_ (.CLK( C), .D( D), .DE( E), .Q( Q));
    \sky130_fd_sc_hd__dfbbn_1 _DFFSR_NNN_ (.CLK_N( C), .D( D), .Q( Q), .Q_N(~Q), .RESET_B( R), .SET_B( S));
    unmapped dff cell: $_DFFSR_NNP_
    unmapped dff cell: $_DFFSR_NPN_
    unmapped dff cell: $_DFFSR_NPP_
    \sky130_fd_sc_hd__dfbbp_1 _DFFSR_PNN_ (.CLK( C), .D( D), .Q( Q), .Q_N(~Q), .RESET_B( R), .SET_B( S));
    unmapped dff cell: $_DFFSR_PNP_
    unmapped dff cell: $_DFFSR_PPN_
    unmapped dff cell: $_DFFSR_PPP_

25.1. Executing DFFLEGALIZE pass (convert FFs to types supported by the target).
<suppressed ~24 debug messages>
Mapping DFF cells in module `\soc_top':
  mapped 1024 $_DFFE_PP_ cells to \sky130_fd_sc_hd__edfxtp_1 cells.
  mapped 796 $_DFF_PN0_ cells to \sky130_fd_sc_hd__dfrtp_1 cells.
  mapped 9 $_DFF_PN1_ cells to \sky130_fd_sc_hd__dfstp_2 cells.

26. Executing ABC pass (technology mapping using ABC).

26.1. Extracting gate netlist of module `\soc_top' to `<abc-temp-dir>/input.blif'..
Extracted 40204 gates and 41966 wires to a netlist network with 1760 inputs and 737 outputs.

26.1.1. Executing ABC.
Running ABC command: "<yosys-exe-dir>/yosys-abc" -s -f <abc-temp-dir>/abc.script 2>&1
ABC: ABC command line: "source <abc-temp-dir>/abc.script".
ABC: 
ABC: + read_blif <abc-temp-dir>/input.blif 
ABC: + read_lib -w /home/vanmathisamikkannu/pdk/sky130_fd_sc_hd/lib/sky130_fd_sc_hd__tt_025C_1v80.lib 
ABC: Parsing finished successfully.  Parsing time =     0.05 sec
ABC: Scl_LibertyReadGenlib() skipped cell "sky130_fd_sc_hd__decap_12" without logic function.
ABC: Scl_LibertyReadGenlib() skipped cell "sky130_fd_sc_hd__decap_3" without logic function.
ABC: Scl_LibertyReadGenlib() skipped cell "sky130_fd_sc_hd__decap_4" without logic function.
ABC: Scl_LibertyReadGenlib() skipped cell "sky130_fd_sc_hd__decap_6" without logic function.
ABC: Scl_LibertyReadGenlib() skipped cell "sky130_fd_sc_hd__decap_8" without logic function.
ABC: Scl_LibertyReadGenlib() skipped sequential cell "sky130_fd_sc_hd__dfbbn_1".
ABC: Scl_LibertyReadGenlib() skipped sequential cell "sky130_fd_sc_hd__dfbbn_2".
ABC: Scl_LibertyReadGenlib() skipped sequential cell "sky130_fd_sc_hd__dfbbp_1".
ABC: Scl_LibertyReadGenlib() skipped sequential cell "sky130_fd_sc_hd__dfrbp_1".
ABC: Scl_LibertyReadGenlib() skipped sequential cell "sky130_fd_sc_hd__dfrbp_2".
ABC: Scl_LibertyReadGenlib() skipped sequential cell "sky130_fd_sc_hd__dfrtn_1".
ABC: Scl_LibertyReadGenlib() skipped sequential cell "sky130_fd_sc_hd__dfrtp_1".
ABC: Scl_LibertyReadGenlib() skipped sequential cell "sky130_fd_sc_hd__dfrtp_2".
ABC: Scl_LibertyReadGenlib() skipped sequential cell "sky130_fd_sc_hd__dfrtp_4".
ABC: Scl_LibertyReadGenlib() skipped sequential cell "sky130_fd_sc_hd__dfsbp_1".
ABC: Scl_LibertyReadGenlib() skipped sequential cell "sky130_fd_sc_hd__dfsbp_2".
ABC: Scl_LibertyReadGenlib() skipped sequential cell "sky130_fd_sc_hd__dfstp_1".
ABC: Scl_LibertyReadGenlib() skipped sequential cell "sky130_fd_sc_hd__dfstp_2".
ABC: Scl_LibertyReadGenlib() skipped sequential cell "sky130_fd_sc_hd__dfstp_4".
ABC: Scl_LibertyReadGenlib() skipped sequential cell "sky130_fd_sc_hd__dfxbp_1".
ABC: Scl_LibertyReadGenlib() skipped sequential cell "sky130_fd_sc_hd__dfxbp_2".
ABC: Scl_LibertyReadGenlib() skipped sequential cell "sky130_fd_sc_hd__dfxtp_1".
ABC: Scl_LibertyReadGenlib() skipped sequential cell "sky130_fd_sc_hd__dfxtp_2".
ABC: Scl_LibertyReadGenlib() skipped sequential cell "sky130_fd_sc_hd__dfxtp_4".
ABC: Scl_LibertyReadGenlib() skipped cell "sky130_fd_sc_hd__diode_2" without logic function.
ABC: Scl_LibertyReadGenlib() skipped cell "sky130_fd_sc_hd__dlclkp_1" without logic function.
ABC: Scl_LibertyReadGenlib() skipped cell "sky130_fd_sc_hd__dlclkp_2" without logic function.
ABC: Scl_LibertyReadGenlib() skipped cell "sky130_fd_sc_hd__dlclkp_4" without logic function.
ABC: Scl_LibertyReadGenlib() skipped sequential cell "sky130_fd_sc_hd__dlrbn_1".
ABC: Scl_LibertyReadGenlib() skipped sequential cell "sky130_fd_sc_hd__dlrbn_2".
ABC: Scl_LibertyReadGenlib() skipped sequential cell "sky130_fd_sc_hd__dlrbp_1".
ABC: Scl_LibertyReadGenlib() skipped sequential cell "sky130_fd_sc_hd__dlrbp_2".
ABC: Scl_LibertyReadGenlib() skipped sequential cell "sky130_fd_sc_hd__dlrtn_1".
ABC: Scl_LibertyReadGenlib() skipped sequential cell "sky130_fd_sc_hd__dlrtn_2".
ABC: Scl_LibertyReadGenlib() skipped sequential cell "sky130_fd_sc_hd__dlrtn_4".
ABC: Scl_LibertyReadGenlib() skipped sequential cell "sky130_fd_sc_hd__dlrtp_1".
ABC: Scl_LibertyReadGenlib() skipped sequential cell "sky130_fd_sc_hd__dlrtp_2".
ABC: Scl_LibertyReadGenlib() skipped sequential cell "sky130_fd_sc_hd__dlrtp_4".
ABC: Scl_LibertyReadGenlib() skipped sequential cell "sky130_fd_sc_hd__dlxbn_1".
ABC: Scl_LibertyReadGenlib() skipped sequential cell "sky130_fd_sc_hd__dlxbn_2".
ABC: Scl_LibertyReadGenlib() skipped sequential cell "sky130_fd_sc_hd__dlxbp_1".
ABC: Scl_LibertyReadGenlib() skipped sequential cell "sky130_fd_sc_hd__dlxtn_1".
ABC: Scl_LibertyReadGenlib() skipped sequential cell "sky130_fd_sc_hd__dlxtn_2".
ABC: Scl_LibertyReadGenlib() skipped sequential cell "sky130_fd_sc_hd__dlxtn_4".
ABC: Scl_LibertyReadGenlib() skipped sequential cell "sky130_fd_sc_hd__dlxtp_1".
ABC: Scl_LibertyReadGenlib() skipped three-state cell "sky130_fd_sc_hd__ebufn_1".
ABC: Scl_LibertyReadGenlib() skipped three-state cell "sky130_fd_sc_hd__ebufn_2".
ABC: Scl_LibertyReadGenlib() skipped three-state cell "sky130_fd_sc_hd__ebufn_4".
ABC: Scl_LibertyReadGenlib() skipped three-state cell "sky130_fd_sc_hd__ebufn_8".
ABC: Scl_LibertyReadGenlib() skipped sequential cell "sky130_fd_sc_hd__edfxbp_1".
ABC: Scl_LibertyReadGenlib() skipped sequential cell "sky130_fd_sc_hd__edfxtp_1".
ABC: Scl_LibertyReadGenlib() skipped three-state cell "sky130_fd_sc_hd__einvn_0".
ABC: Scl_LibertyReadGenlib() skipped three-state cell "sky130_fd_sc_hd__einvn_1".
ABC: Scl_LibertyReadGenlib() skipped three-state cell "sky130_fd_sc_hd__einvn_2".
ABC: Scl_LibertyReadGenlib() skipped three-state cell "sky130_fd_sc_hd__einvn_4".
ABC: Scl_LibertyReadGenlib() skipped three-state cell "sky130_fd_sc_hd__einvn_8".
ABC: Scl_LibertyReadGenlib() skipped three-state cell "sky130_fd_sc_hd__einvp_1".
ABC: Scl_LibertyReadGenlib() skipped three-state cell "sky130_fd_sc_hd__einvp_2".
ABC: Scl_LibertyReadGenlib() skipped three-state cell "sky130_fd_sc_hd__einvp_4".
ABC: Scl_LibertyReadGenlib() skipped three-state cell "sky130_fd_sc_hd__einvp_8".
ABC: Scl_LibertyReadGenlib() skipped cell "sky130_fd_sc_hd__lpflow_bleeder_1" without logic function.
ABC: Scl_LibertyReadGenlib() skipped cell "sky130_fd_sc_hd__lpflow_decapkapwr_12" without logic function.
ABC: Scl_LibertyReadGenlib() skipped cell "sky130_fd_sc_hd__lpflow_decapkapwr_3" without logic function.
ABC: Scl_LibertyReadGenlib() skipped cell "sky130_fd_sc_hd__lpflow_decapkapwr_4" without logic function.
ABC: Scl_LibertyReadGenlib() skipped cell "sky130_fd_sc_hd__lpflow_decapkapwr_6" without logic function.
ABC: Scl_LibertyReadGenlib() skipped cell "sky130_fd_sc_hd__lpflow_decapkapwr_8" without logic function.
ABC: Scl_LibertyReadGenlib() skipped sequential cell "sky130_fd_sc_hd__lpflow_inputisolatch_1".
ABC: Scl_LibertyReadGenlib() skipped sequential cell "sky130_fd_sc_hd__sdfbbn_1".
ABC: Scl_LibertyReadGenlib() skipped sequential cell "sky130_fd_sc_hd__sdfbbn_2".
ABC: Scl_LibertyReadGenlib() skipped sequential cell "sky130_fd_sc_hd__sdfbbp_1".
ABC: Scl_LibertyReadGenlib() skipped sequential cell "sky130_fd_sc_hd__sdfrbp_1".
ABC: Scl_LibertyReadGenlib() skipped sequential cell "sky130_fd_sc_hd__sdfrbp_2".
ABC: Scl_LibertyReadGenlib() skipped sequential cell "sky130_fd_sc_hd__sdfrtn_1".
ABC: Scl_LibertyReadGenlib() skipped sequential cell "sky130_fd_sc_hd__sdfrtp_1".
ABC: Scl_LibertyReadGenlib() skipped sequential cell "sky130_fd_sc_hd__sdfrtp_2".
ABC: Scl_LibertyReadGenlib() skipped sequential cell "sky130_fd_sc_hd__sdfrtp_4".
ABC: Scl_LibertyReadGenlib() skipped sequential cell "sky130_fd_sc_hd__sdfsbp_1".
ABC: Scl_LibertyReadGenlib() skipped sequential cell "sky130_fd_sc_hd__sdfsbp_2".
ABC: Scl_LibertyReadGenlib() skipped sequential cell "sky130_fd_sc_hd__sdfstp_1".
ABC: Scl_LibertyReadGenlib() skipped sequential cell "sky130_fd_sc_hd__sdfstp_2".
ABC: Scl_LibertyReadGenlib() skipped sequential cell "sky130_fd_sc_hd__sdfstp_4".
ABC: Scl_LibertyReadGenlib() skipped sequential cell "sky130_fd_sc_hd__sdfxbp_1".
ABC: Scl_LibertyReadGenlib() skipped sequential cell "sky130_fd_sc_hd__sdfxbp_2".
ABC: Scl_LibertyReadGenlib() skipped sequential cell "sky130_fd_sc_hd__sdfxtp_1".
ABC: Scl_LibertyReadGenlib() skipped sequential cell "sky130_fd_sc_hd__sdfxtp_2".
ABC: Scl_LibertyReadGenlib() skipped sequential cell "sky130_fd_sc_hd__sdfxtp_4".
ABC: Scl_LibertyReadGenlib() skipped cell "sky130_fd_sc_hd__sdlclkp_1" without logic function.
ABC: Scl_LibertyReadGenlib() skipped cell "sky130_fd_sc_hd__sdlclkp_2" without logic function.
ABC: Scl_LibertyReadGenlib() skipped cell "sky130_fd_sc_hd__sdlclkp_4" without logic function.
ABC: Scl_LibertyReadGenlib() skipped sequential cell "sky130_fd_sc_hd__sedfxbp_1".
ABC: Scl_LibertyReadGenlib() skipped sequential cell "sky130_fd_sc_hd__sedfxbp_2".
ABC: Scl_LibertyReadGenlib() skipped sequential cell "sky130_fd_sc_hd__sedfxtp_1".
ABC: Scl_LibertyReadGenlib() skipped sequential cell "sky130_fd_sc_hd__sedfxtp_2".
ABC: Scl_LibertyReadGenlib() skipped sequential cell "sky130_fd_sc_hd__sedfxtp_4".
ABC: Scl_LibertyReadGenlib() skipped cell "AMUX2_3V" without logic function.
ABC: Library "sky130_fd_sc_hd__tt_025C_1v80" from "/home/vanmathisamikkannu/pdk/sky130_fd_sc_hd/lib/sky130_fd_sc_hd__tt_025C_1v80.lib" has 334 cells (95 skipped: 63 seq; 13 tri-state; 19 no func; 0 dont_use).  Time =     0.09 sec
ABC: Memory =   19.60 MB. Time =     0.09 sec
ABC: Warning: Detected 9 multi-output gates (for example, "sky130_fd_sc_hd__fa_1").
ABC: + strash 
ABC: + &get -n 
ABC: + &fraig -x 
ABC: + &put 
ABC: + scorr 
ABC: Warning: The network is combinational (run "fraig" or "fraig_sweep").
ABC: + dc2 
ABC: + dretime 
ABC: + strash 
ABC: + &get -n 
ABC: + &dch -f 
ABC: + &nf 
ABC: + &put 
ABC: + write_blif <abc-temp-dir>/output.blif 

26.1.2. Re-integrating ABC results.
ABC RESULTS:          _const0_ cells:        1
ABC RESULTS:   sky130_fd_sc_hd__a2111o_1 cells:        1
ABC RESULTS:   sky130_fd_sc_hd__a2111oi_0 cells:       16
ABC RESULTS:   sky130_fd_sc_hd__a211o_1 cells:       13
ABC RESULTS:   sky130_fd_sc_hd__a211oi_1 cells:      247
ABC RESULTS:   sky130_fd_sc_hd__a21bo_1 cells:        1
ABC RESULTS:   sky130_fd_sc_hd__a21boi_0 cells:       31
ABC RESULTS:   sky130_fd_sc_hd__a21o_1 cells:      179
ABC RESULTS:   sky130_fd_sc_hd__a21oi_1 cells:     2094
ABC RESULTS:   sky130_fd_sc_hd__a221o_1 cells:        9
ABC RESULTS:   sky130_fd_sc_hd__a221oi_1 cells:       42
ABC RESULTS:   sky130_fd_sc_hd__a222oi_1 cells:       57
ABC RESULTS:   sky130_fd_sc_hd__a22o_1 cells:       62
ABC RESULTS:   sky130_fd_sc_hd__a22oi_1 cells:      158
ABC RESULTS:   sky130_fd_sc_hd__a2bb2oi_1 cells:        9
ABC RESULTS:   sky130_fd_sc_hd__a311o_1 cells:        5
ABC RESULTS:   sky130_fd_sc_hd__a311oi_1 cells:      134
ABC RESULTS:   sky130_fd_sc_hd__a31o_1 cells:       36
ABC RESULTS:   sky130_fd_sc_hd__a31oi_1 cells:      352
ABC RESULTS:   sky130_fd_sc_hd__a32o_1 cells:        8
ABC RESULTS:   sky130_fd_sc_hd__a32oi_1 cells:       27
ABC RESULTS:   sky130_fd_sc_hd__a41o_1 cells:        1
ABC RESULTS:   sky130_fd_sc_hd__a41oi_1 cells:        6
ABC RESULTS:   sky130_fd_sc_hd__and2_0 cells:      528
ABC RESULTS:   sky130_fd_sc_hd__and3_1 cells:      141
ABC RESULTS:   sky130_fd_sc_hd__and3b_1 cells:        3
ABC RESULTS:   sky130_fd_sc_hd__and4_1 cells:       26
ABC RESULTS:   sky130_fd_sc_hd__clkinv_1 cells:      889
ABC RESULTS:   sky130_fd_sc_hd__lpflow_inputiso1p_1 cells:      310
ABC RESULTS:   sky130_fd_sc_hd__lpflow_isobufsrc_1 cells:      432
ABC RESULTS:   sky130_fd_sc_hd__maj3_1 cells:      957
ABC RESULTS:   sky130_fd_sc_hd__mux2_1 cells:      173
ABC RESULTS:   sky130_fd_sc_hd__mux2i_1 cells:      428
ABC RESULTS:   sky130_fd_sc_hd__mux4_2 cells:      344
ABC RESULTS:   sky130_fd_sc_hd__nand2_1 cells:     2786
ABC RESULTS:   sky130_fd_sc_hd__nand2b_1 cells:      305
ABC RESULTS:   sky130_fd_sc_hd__nand3_1 cells:      358
ABC RESULTS:   sky130_fd_sc_hd__nand3b_1 cells:       14
ABC RESULTS:   sky130_fd_sc_hd__nand4_1 cells:       74
ABC RESULTS:   sky130_fd_sc_hd__nand4b_1 cells:        7
ABC RESULTS:   sky130_fd_sc_hd__nor2_1 cells:     3598
ABC RESULTS:   sky130_fd_sc_hd__nor2b_1 cells:      112
ABC RESULTS:   sky130_fd_sc_hd__nor3_1 cells:      457
ABC RESULTS:   sky130_fd_sc_hd__nor3b_1 cells:        9
ABC RESULTS:   sky130_fd_sc_hd__nor4_1 cells:       65
ABC RESULTS:   sky130_fd_sc_hd__nor4b_1 cells:        4
ABC RESULTS:   sky130_fd_sc_hd__o2111ai_1 cells:       33
ABC RESULTS:   sky130_fd_sc_hd__o211a_1 cells:       13
ABC RESULTS:   sky130_fd_sc_hd__o211ai_1 cells:      124
ABC RESULTS:   sky130_fd_sc_hd__o21a_1 cells:      168
ABC RESULTS:   sky130_fd_sc_hd__o21ai_0 cells:     1704
ABC RESULTS:   sky130_fd_sc_hd__o21ba_1 cells:        3
ABC RESULTS:   sky130_fd_sc_hd__o21bai_1 cells:       45
ABC RESULTS:   sky130_fd_sc_hd__o221a_1 cells:        6
ABC RESULTS:   sky130_fd_sc_hd__o221ai_1 cells:       90
ABC RESULTS:   sky130_fd_sc_hd__o22a_1 cells:       10
ABC RESULTS:   sky130_fd_sc_hd__o22ai_1 cells:      220
ABC RESULTS:   sky130_fd_sc_hd__o2bb2ai_1 cells:        2
ABC RESULTS:   sky130_fd_sc_hd__o311a_1 cells:       15
ABC RESULTS:   sky130_fd_sc_hd__o311ai_0 cells:      124
ABC RESULTS:   sky130_fd_sc_hd__o31a_1 cells:       54
ABC RESULTS:   sky130_fd_sc_hd__o31ai_1 cells:      163
ABC RESULTS:   sky130_fd_sc_hd__o32a_1 cells:       10
ABC RESULTS:   sky130_fd_sc_hd__o32ai_1 cells:       13
ABC RESULTS:   sky130_fd_sc_hd__o41ai_1 cells:        9
ABC RESULTS:   sky130_fd_sc_hd__or3_1 cells:       76
ABC RESULTS:   sky130_fd_sc_hd__or3b_1 cells:        2
ABC RESULTS:   sky130_fd_sc_hd__or4_1 cells:       12
ABC RESULTS:   sky130_fd_sc_hd__or4b_1 cells:        6
ABC RESULTS:   sky130_fd_sc_hd__xnor2_1 cells:     3943
ABC RESULTS:   sky130_fd_sc_hd__xnor3_1 cells:       16
ABC RESULTS:   sky130_fd_sc_hd__xor2_1 cells:     2144
ABC RESULTS:   sky130_fd_sc_hd__xor3_1 cells:        5
ABC RESULTS:        internal signals:    39469
ABC RESULTS:           input signals:     1760
ABC RESULTS:          output signals:      737
Removing temp directory.

27. Executing OPT_CLEAN pass (remove unused cells and wires).
Finding unused cells or wires in module \soc_top..
Removed 15 unused cells and 41269 unused wires.
<suppressed ~264 debug messages>

28. Printing statistics.

=== soc_top ===

   Number of wires:              24518
   Number of wire bits:          26591
   Number of public wires:          98
   Number of public wire bits:    2045
   Number of ports:                  3
   Number of port bits:             34
   Number of memories:               0
   Number of memory bits:            0
   Number of processes:              0
   Number of cells:              26349
     sky130_fd_sc_hd__a2111o_1       1
     sky130_fd_sc_hd__a2111oi_0     16
     sky130_fd_sc_hd__a211o_1       13
     sky130_fd_sc_hd__a211oi_1     247
     sky130_fd_sc_hd__a21bo_1        1
     sky130_fd_sc_hd__a21boi_0      31
     sky130_fd_sc_hd__a21o_1       179
     sky130_fd_sc_hd__a21oi_1     2094
     sky130_fd_sc_hd__a221o_1        9
     sky130_fd_sc_hd__a221oi_1      42
     sky130_fd_sc_hd__a222oi_1      57
     sky130_fd_sc_hd__a22o_1        62
     sky130_fd_sc_hd__a22oi_1      158
     sky130_fd_sc_hd__a2bb2oi_1      9
     sky130_fd_sc_hd__a311o_1        5
     sky130_fd_sc_hd__a311oi_1     134
     sky130_fd_sc_hd__a31o_1        36
     sky130_fd_sc_hd__a31oi_1      352
     sky130_fd_sc_hd__a32o_1         8
     sky130_fd_sc_hd__a32oi_1       27
     sky130_fd_sc_hd__a41o_1         1
     sky130_fd_sc_hd__a41oi_1        6
     sky130_fd_sc_hd__and2_0       528
     sky130_fd_sc_hd__and3_1       141
     sky130_fd_sc_hd__and3b_1        3
     sky130_fd_sc_hd__and4_1        26
     sky130_fd_sc_hd__clkinv_1     889
     sky130_fd_sc_hd__dfrtp_1      796
     sky130_fd_sc_hd__dfstp_2        9
     sky130_fd_sc_hd__edfxtp_1    1024
     sky130_fd_sc_hd__lpflow_inputiso1p_1    310
     sky130_fd_sc_hd__lpflow_isobufsrc_1    432
     sky130_fd_sc_hd__maj3_1       957
     sky130_fd_sc_hd__mux2_1       173
     sky130_fd_sc_hd__mux2i_1      428
     sky130_fd_sc_hd__mux4_2       344
     sky130_fd_sc_hd__nand2_1     2786
     sky130_fd_sc_hd__nand2b_1     305
     sky130_fd_sc_hd__nand3_1      358
     sky130_fd_sc_hd__nand3b_1      14
     sky130_fd_sc_hd__nand4_1       74
     sky130_fd_sc_hd__nand4b_1       7
     sky130_fd_sc_hd__nor2_1      3598
     sky130_fd_sc_hd__nor2b_1      112
     sky130_fd_sc_hd__nor3_1       457
     sky130_fd_sc_hd__nor3b_1        9
     sky130_fd_sc_hd__nor4_1        65
     sky130_fd_sc_hd__nor4b_1        4
     sky130_fd_sc_hd__o2111ai_1     33
     sky130_fd_sc_hd__o211a_1       13
     sky130_fd_sc_hd__o211ai_1     124
     sky130_fd_sc_hd__o21a_1       168
     sky130_fd_sc_hd__o21ai_0     1704
     sky130_fd_sc_hd__o21ba_1        3
     sky130_fd_sc_hd__o21bai_1      45
     sky130_fd_sc_hd__o221a_1        6
     sky130_fd_sc_hd__o221ai_1      90
     sky130_fd_sc_hd__o22a_1        10
     sky130_fd_sc_hd__o22ai_1      220
     sky130_fd_sc_hd__o2bb2ai_1      2
     sky130_fd_sc_hd__o311a_1       15
     sky130_fd_sc_hd__o311ai_0     124
     sky130_fd_sc_hd__o31a_1        54
     sky130_fd_sc_hd__o31ai_1      163
     sky130_fd_sc_hd__o32a_1        10
     sky130_fd_sc_hd__o32ai_1       13
     sky130_fd_sc_hd__o41ai_1        9
     sky130_fd_sc_hd__or3_1         76
     sky130_fd_sc_hd__or3b_1         2
     sky130_fd_sc_hd__or4_1         12
     sky130_fd_sc_hd__or4b_1         6
     sky130_fd_sc_hd__xnor2_1     3943
     sky130_fd_sc_hd__xnor3_1       16
     sky130_fd_sc_hd__xor2_1      2144
     sky130_fd_sc_hd__xor3_1         5
     sky130_sram_2kbyte_1rw1r_32x512_8      2

   Area for cell type \sky130_sram_2kbyte_1rw1r_32x512_8 is unknown!

   Chip area for module '\soc_top': 211318.921600
     of which used for sequential elements: 50905.072000 (24.09%)

29. Executing Verilog backend.

29.1. Executing BMUXMAP pass.

29.2. Executing DEMUXMAP pass.
Dumping module `\soc_top'.

Warnings: 2 unique messages, 2 total
End of script. Logfile hash: 427c4baa81, CPU: user 8.76s system 0.11s, MEM: 327.05 MB peak
Yosys 0.52 (git sha1 fee39a3284c90249e1d9684cf6944ffbbcbb8f90)
Time spent: 66% 2x abc (16 sec), 8% 100x opt_expr (2 sec), ...
